 ,Area,Mean,Min,Max,X,Y
1,0,0,0,0,1071.000,12.000
2,0,0,0,0,923.500,101.500
3,0,26,26,26,1085.500,341.500
4,0,0,0,0,773.500,356.500
5,0,18,18,18,632.500,335.500
6,0,6,6,6,391.500,188.167
7,0,0,0,0,662.167,266.833
8,0,33,33,33,583.500,133.500
9,0,9,9,9,320.167,332.167
10,0,1,1,1,273.500,339.500
11,0,0,0,0,297.500,275.500
12,0,2,2,2,111.500,307.500
13,0,0,0,0,119.500,253.500
14,0,0,0,0,133.500,235.500
15,0,0,0,0,79.500,263.500
16,0,0,0,0,43.500,469.500
17,0,39,39,39,107.500,543.500
18,0,3,3,3,323.500,555.500
19,0,0,0,0,365.500,739.500
20,0,15,15,15,257.500,819.500
21,0,0,0,0,211.500,899.500
22,0,0,0,0,871.500,759.500
23,0,27,27,27,763.500,871.500
24,0,16,16,16,1061.500,1115.500
25,0,14,14,14,265.500,51.500
26,0,74,74,74,281.500,157.500
27,0,40,40,40,454.833,14.167
28,0,1,1,1,645.833,1607.167
29,0,0,0,0,829.833,1543.167
30,0,0,0,0,876.500,1617.833
31,0,73,73,73,907.167,1657.833
32,0,30,30,30,772.500,1971.167
33,0,44,44,44,388.500,1795.167
34,0,9,9,9,213.833,1964.500
35,0,0,0,0,297.833,2017.833
36,0,39,39,39,201.500,1827.500
37,0,4,4,4,183.500,1828.500
38,0,0,0,0,99.500,1833.500
39,0,3,3,3,35.500,1809.500
40,0,0,0,0,13.500,1841.500
41,0,0,0,0,59.500,1983.500
42,0,0,0,0,184.500,2006.500
43,0,58,58,58,743.500,1335.500
44,0,18,18,18,1010.500,482.500
45,0,0,0,0,220.833,290.500
46,0,52,52,52,2.167,131.167
47,0,46,46,46,370.167,1545.833
