patch_path,id_immagine,classe_calibrazione,n_blob_rilevati,n_punti_attesi,errore_assoluto,errore_con_segno
/content/drive/MyDrive/progetto_immunogold/patches/images/SA-MAG_X12k_JEM-1400 Flash_22429_x0_y0.png,SA-MAG_X12k_JEM-1400 Flash_22429,classe_6,3,4,1,-1
/content/drive/MyDrive/progetto_immunogold/patches/images/SA-MAG_X12k_JEM-1400 Flash_22429_x0_y1120.png,SA-MAG_X12k_JEM-1400 Flash_22429,classe_6,6,7,1,-1
/content/drive/MyDrive/progetto_immunogold/patches/images/SA-MAG_X12k_JEM-1400 Flash_22429_x0_y1344.png,SA-MAG_X12k_JEM-1400 Flash_22429,classe_6,6,8,2,-2
/content/drive/MyDrive/progetto_immunogold/patches/images/SA-MAG_X12k_JEM-1400 Flash_22429_x0_y1568.png,SA-MAG_X12k_JEM-1400 Flash_22429,classe_6,10,12,2,-2
/content/drive/MyDrive/progetto_immunogold/patches/images/SA-MAG_X12k_JEM-1400 Flash_22429_x0_y1792.png,SA-MAG_X12k_JEM-1400 Flash_22429,classe_6,8,7,1,1
/content/drive/MyDrive/progetto_immunogold/patches/images/SA-MAG_X12k_JEM-1400 Flash_22429_x0_y224.png,SA-MAG_X12k_JEM-1400 Flash_22429,classe_6,4,5,1,-1
/content/drive/MyDrive/progetto_immunogold/patches/images/SA-MAG_X12k_JEM-1400 Flash_22429_x0_y448.png,SA-MAG_X12k_JEM-1400 Flash_22429,classe_6,8,12,4,-4
/content/drive/MyDrive/progetto_immunogold/patches/images/SA-MAG_X12k_JEM-1400 Flash_22429_x0_y672.png,SA-MAG_X12k_JEM-1400 Flash_22429,classe_6,9,11,2,-2
/content/drive/MyDrive/progetto_immunogold/patches/images/SA-MAG_X12k_JEM-1400 Flash_22429_x0_y896.png,SA-MAG_X12k_JEM-1400 Flash_22429,classe_6,5,6,1,-1
/content/drive/MyDrive/progetto_immunogold/patches/images/SA-MAG_X12k_JEM-1400 Flash_22429_x1120_y0.png,SA-MAG_X12k_JEM-1400 Flash_22429,classe_6,9,12,3,-3
/content/drive/MyDrive/progetto_immunogold/patches/images/SA-MAG_X12k_JEM-1400 Flash_22429_x1120_y1120.png,SA-MAG_X12k_JEM-1400 Flash_22429,classe_6,10,10,0,0
/content/drive/MyDrive/progetto_immunogold/patches/images/SA-MAG_X12k_JEM-1400 Flash_22429_x1120_y1344.png,SA-MAG_X12k_JEM-1400 Flash_22429,classe_6,6,7,1,-1
/content/drive/MyDrive/progetto_immunogold/patches/images/SA-MAG_X12k_JEM-1400 Flash_22429_x1120_y1568.png,SA-MAG_X12k_JEM-1400 Flash_22429,classe_6,6,7,1,-1
/content/drive/MyDrive/progetto_immunogold/patches/images/SA-MAG_X12k_JEM-1400 Flash_22429_x1120_y1792.png,SA-MAG_X12k_JEM-1400 Flash_22429,classe_6,9,8,1,1
/content/drive/MyDrive/progetto_immunogold/patches/images/SA-MAG_X12k_JEM-1400 Flash_22429_x1120_y224.png,SA-MAG_X12k_JEM-1400 Flash_22429,classe_6,8,8,0,0
/content/drive/MyDrive/progetto_immunogold/patches/images/SA-MAG_X12k_JEM-1400 Flash_22429_x1120_y448.png,SA-MAG_X12k_JEM-1400 Flash_22429,classe_6,11,12,1,-1
/content/drive/MyDrive/progetto_immunogold/patches/images/SA-MAG_X12k_JEM-1400 Flash_22429_x1120_y672.png,SA-MAG_X12k_JEM-1400 Flash_22429,classe_6,12,13,1,-1
/content/drive/MyDrive/progetto_immunogold/patches/images/SA-MAG_X12k_JEM-1400 Flash_22429_x1120_y896.png,SA-MAG_X12k_JEM-1400 Flash_22429,classe_6,5,6,1,-1
/content/drive/MyDrive/progetto_immunogold/patches/images/SA-MAG_X12k_JEM-1400 Flash_22429_x1344_y0.png,SA-MAG_X12k_JEM-1400 Flash_22429,classe_6,8,10,2,-2
/content/drive/MyDrive/progetto_immunogold/patches/images/SA-MAG_X12k_JEM-1400 Flash_22429_x1344_y1120.png,SA-MAG_X12k_JEM-1400 Flash_22429,classe_6,13,13,0,0
/content/drive/MyDrive/progetto_immunogold/patches/images/SA-MAG_X12k_JEM-1400 Flash_22429_x1344_y1344.png,SA-MAG_X12k_JEM-1400 Flash_22429,classe_6,12,13,1,-1
/content/drive/MyDrive/progetto_immunogold/patches/images/SA-MAG_X12k_JEM-1400 Flash_22429_x1344_y1568.png,SA-MAG_X12k_JEM-1400 Flash_22429,classe_6,12,15,3,-3
/content/drive/MyDrive/progetto_immunogold/patches/images/SA-MAG_X12k_JEM-1400 Flash_22429_x1344_y1792.png,SA-MAG_X12k_JEM-1400 Flash_22429,classe_6,16,20,4,-4
/content/drive/MyDrive/progetto_immunogold/patches/images/SA-MAG_X12k_JEM-1400 Flash_22429_x1344_y224.png,SA-MAG_X12k_JEM-1400 Flash_22429,classe_6,10,12,2,-2
/content/drive/MyDrive/progetto_immunogold/patches/images/SA-MAG_X12k_JEM-1400 Flash_22429_x1344_y448.png,SA-MAG_X12k_JEM-1400 Flash_22429,classe_6,13,15,2,-2
/content/drive/MyDrive/progetto_immunogold/patches/images/SA-MAG_X12k_JEM-1400 Flash_22429_x1344_y672.png,SA-MAG_X12k_JEM-1400 Flash_22429,classe_6,3,3,0,0
/content/drive/MyDrive/progetto_immunogold/patches/images/SA-MAG_X12k_JEM-1400 Flash_22429_x1344_y896.png,SA-MAG_X12k_JEM-1400 Flash_22429,classe_6,5,10,5,-5
/content/drive/MyDrive/progetto_immunogold/patches/images/SA-MAG_X12k_JEM-1400 Flash_22429_x1568_y0.png,SA-MAG_X12k_JEM-1400 Flash_22429,classe_6,5,6,1,-1
/content/drive/MyDrive/progetto_immunogold/patches/images/SA-MAG_X12k_JEM-1400 Flash_22429_x1568_y1120.png,SA-MAG_X12k_JEM-1400 Flash_22429,classe_6,16,19,3,-3
/content/drive/MyDrive/progetto_immunogold/patches/images/SA-MAG_X12k_JEM-1400 Flash_22429_x1568_y1344.png,SA-MAG_X12k_JEM-1400 Flash_22429,classe_6,26,26,0,0
/content/drive/MyDrive/progetto_immunogold/patches/images/SA-MAG_X12k_JEM-1400 Flash_22429_x1568_y1568.png,SA-MAG_X12k_JEM-1400 Flash_22429,classe_6,25,30,5,-5
/content/drive/MyDrive/progetto_immunogold/patches/images/SA-MAG_X12k_JEM-1400 Flash_22429_x1568_y1792.png,SA-MAG_X12k_JEM-1400 Flash_22429,classe_6,17,18,1,-1
/content/drive/MyDrive/progetto_immunogold/patches/images/SA-MAG_X12k_JEM-1400 Flash_22429_x1568_y224.png,SA-MAG_X12k_JEM-1400 Flash_22429,classe_6,7,10,3,-3
/content/drive/MyDrive/progetto_immunogold/patches/images/SA-MAG_X12k_JEM-1400 Flash_22429_x1568_y448.png,SA-MAG_X12k_JEM-1400 Flash_22429,classe_6,9,7,2,2
/content/drive/MyDrive/progetto_immunogold/patches/images/SA-MAG_X12k_JEM-1400 Flash_22429_x1568_y672.png,SA-MAG_X12k_JEM-1400 Flash_22429,classe_6,10,10,0,0
/content/drive/MyDrive/progetto_immunogold/patches/images/SA-MAG_X12k_JEM-1400 Flash_22429_x1568_y896.png,SA-MAG_X12k_JEM-1400 Flash_22429,classe_6,24,30,6,-6
/content/drive/MyDrive/progetto_immunogold/patches/images/SA-MAG_X12k_JEM-1400 Flash_22429_x1792_y0.png,SA-MAG_X12k_JEM-1400 Flash_22429,classe_6,4,5,1,-1
/content/drive/MyDrive/progetto_immunogold/patches/images/SA-MAG_X12k_JEM-1400 Flash_22429_x1792_y1120.png,SA-MAG_X12k_JEM-1400 Flash_22429,classe_6,24,26,2,-2
/content/drive/MyDrive/progetto_immunogold/patches/images/SA-MAG_X12k_JEM-1400 Flash_22429_x1792_y1344.png,SA-MAG_X12k_JEM-1400 Flash_22429,classe_6,38,61,23,-23
/content/drive/MyDrive/progetto_immunogold/patches/images/SA-MAG_X12k_JEM-1400 Flash_22429_x1792_y1568.png,SA-MAG_X12k_JEM-1400 Flash_22429,classe_6,21,34,13,-13
/content/drive/MyDrive/progetto_immunogold/patches/images/SA-MAG_X12k_JEM-1400 Flash_22429_x1792_y1792.png,SA-MAG_X12k_JEM-1400 Flash_22429,classe_6,23,19,4,4
/content/drive/MyDrive/progetto_immunogold/patches/images/SA-MAG_X12k_JEM-1400 Flash_22429_x1792_y224.png,SA-MAG_X12k_JEM-1400 Flash_22429,classe_6,6,4,2,2
/content/drive/MyDrive/progetto_immunogold/patches/images/SA-MAG_X12k_JEM-1400 Flash_22429_x1792_y448.png,SA-MAG_X12k_JEM-1400 Flash_22429,classe_6,12,15,3,-3
/content/drive/MyDrive/progetto_immunogold/patches/images/SA-MAG_X12k_JEM-1400 Flash_22429_x1792_y672.png,SA-MAG_X12k_JEM-1400 Flash_22429,classe_6,14,15,1,-1
/content/drive/MyDrive/progetto_immunogold/patches/images/SA-MAG_X12k_JEM-1400 Flash_22429_x1792_y896.png,SA-MAG_X12k_JEM-1400 Flash_22429,classe_6,35,37,2,-2
/content/drive/MyDrive/progetto_immunogold/patches/images/SA-MAG_X12k_JEM-1400 Flash_22429_x224_y0.png,SA-MAG_X12k_JEM-1400 Flash_22429,classe_6,11,14,3,-3
/content/drive/MyDrive/progetto_immunogold/patches/images/SA-MAG_X12k_JEM-1400 Flash_22429_x224_y1120.png,SA-MAG_X12k_JEM-1400 Flash_22429,classe_6,4,4,0,0
/content/drive/MyDrive/progetto_immunogold/patches/images/SA-MAG_X12k_JEM-1400 Flash_22429_x224_y1344.png,SA-MAG_X12k_JEM-1400 Flash_22429,classe_6,8,8,0,0
/content/drive/MyDrive/progetto_immunogold/patches/images/SA-MAG_X12k_JEM-1400 Flash_22429_x224_y1568.png,SA-MAG_X12k_JEM-1400 Flash_22429,classe_6,13,16,3,-3
/content/drive/MyDrive/progetto_immunogold/patches/images/SA-MAG_X12k_JEM-1400 Flash_22429_x224_y1792.png,SA-MAG_X12k_JEM-1400 Flash_22429,classe_6,9,9,0,0
/content/drive/MyDrive/progetto_immunogold/patches/images/SA-MAG_X12k_JEM-1400 Flash_22429_x224_y224.png,SA-MAG_X12k_JEM-1400 Flash_22429,classe_6,7,9,2,-2
/content/drive/MyDrive/progetto_immunogold/patches/images/SA-MAG_X12k_JEM-1400 Flash_22429_x224_y448.png,SA-MAG_X12k_JEM-1400 Flash_22429,classe_6,4,3,1,1
/content/drive/MyDrive/progetto_immunogold/patches/images/SA-MAG_X12k_JEM-1400 Flash_22429_x224_y672.png,SA-MAG_X12k_JEM-1400 Flash_22429,classe_6,6,6,0,0
/content/drive/MyDrive/progetto_immunogold/patches/images/SA-MAG_X12k_JEM-1400 Flash_22429_x224_y896.png,SA-MAG_X12k_JEM-1400 Flash_22429,classe_6,5,5,0,0
/content/drive/MyDrive/progetto_immunogold/patches/images/SA-MAG_X12k_JEM-1400 Flash_22429_x448_y0.png,SA-MAG_X12k_JEM-1400 Flash_22429,classe_6,10,9,1,1
/content/drive/MyDrive/progetto_immunogold/patches/images/SA-MAG_X12k_JEM-1400 Flash_22429_x448_y1120.png,SA-MAG_X12k_JEM-1400 Flash_22429,classe_6,8,8,0,0
/content/drive/MyDrive/progetto_immunogold/patches/images/SA-MAG_X12k_JEM-1400 Flash_22429_x448_y1344.png,SA-MAG_X12k_JEM-1400 Flash_22429,classe_6,1,2,1,-1
/content/drive/MyDrive/progetto_immunogold/patches/images/SA-MAG_X12k_JEM-1400 Flash_22429_x448_y1568.png,SA-MAG_X12k_JEM-1400 Flash_22429,classe_6,4,6,2,-2
/content/drive/MyDrive/progetto_immunogold/patches/images/SA-MAG_X12k_JEM-1400 Flash_22429_x448_y1792.png,SA-MAG_X12k_JEM-1400 Flash_22429,classe_6,1,1,0,0
/content/drive/MyDrive/progetto_immunogold/patches/images/SA-MAG_X12k_JEM-1400 Flash_22429_x448_y224.png,SA-MAG_X12k_JEM-1400 Flash_22429,classe_6,9,6,3,3
/content/drive/MyDrive/progetto_immunogold/patches/images/SA-MAG_X12k_JEM-1400 Flash_22429_x448_y448.png,SA-MAG_X12k_JEM-1400 Flash_22429,classe_6,7,8,1,-1
/content/drive/MyDrive/progetto_immunogold/patches/images/SA-MAG_X12k_JEM-1400 Flash_22429_x448_y672.png,SA-MAG_X12k_JEM-1400 Flash_22429,classe_6,6,6,0,0
/content/drive/MyDrive/progetto_immunogold/patches/images/SA-MAG_X12k_JEM-1400 Flash_22429_x448_y896.png,SA-MAG_X12k_JEM-1400 Flash_22429,classe_6,9,7,2,2
/content/drive/MyDrive/progetto_immunogold/patches/images/SA-MAG_X12k_JEM-1400 Flash_22429_x672_y0.png,SA-MAG_X12k_JEM-1400 Flash_22429,classe_6,4,7,3,-3
/content/drive/MyDrive/progetto_immunogold/patches/images/SA-MAG_X12k_JEM-1400 Flash_22429_x672_y1120.png,SA-MAG_X12k_JEM-1400 Flash_22429,classe_6,8,7,1,1
/content/drive/MyDrive/progetto_immunogold/patches/images/SA-MAG_X12k_JEM-1400 Flash_22429_x672_y1344.png,SA-MAG_X12k_JEM-1400 Flash_22429,classe_6,3,6,3,-3
/content/drive/MyDrive/progetto_immunogold/patches/images/SA-MAG_X12k_JEM-1400 Flash_22429_x672_y1568.png,SA-MAG_X12k_JEM-1400 Flash_22429,classe_6,8,10,2,-2
/content/drive/MyDrive/progetto_immunogold/patches/images/SA-MAG_X12k_JEM-1400 Flash_22429_x672_y1792.png,SA-MAG_X12k_JEM-1400 Flash_22429,classe_6,2,0,2,2
/content/drive/MyDrive/progetto_immunogold/patches/images/SA-MAG_X12k_JEM-1400 Flash_22429_x672_y224.png,SA-MAG_X12k_JEM-1400 Flash_22429,classe_6,5,10,5,-5
/content/drive/MyDrive/progetto_immunogold/patches/images/SA-MAG_X12k_JEM-1400 Flash_22429_x672_y448.png,SA-MAG_X12k_JEM-1400 Flash_22429,classe_6,4,5,1,-1
/content/drive/MyDrive/progetto_immunogold/patches/images/SA-MAG_X12k_JEM-1400 Flash_22429_x672_y672.png,SA-MAG_X12k_JEM-1400 Flash_22429,classe_6,3,5,2,-2
/content/drive/MyDrive/progetto_immunogold/patches/images/SA-MAG_X12k_JEM-1400 Flash_22429_x672_y896.png,SA-MAG_X12k_JEM-1400 Flash_22429,classe_6,6,6,0,0
/content/drive/MyDrive/progetto_immunogold/patches/images/SA-MAG_X12k_JEM-1400 Flash_22429_x896_y0.png,SA-MAG_X12k_JEM-1400 Flash_22429,classe_6,15,15,0,0
/content/drive/MyDrive/progetto_immunogold/patches/images/SA-MAG_X12k_JEM-1400 Flash_22429_x896_y1120.png,SA-MAG_X12k_JEM-1400 Flash_22429,classe_6,9,13,4,-4
/content/drive/MyDrive/progetto_immunogold/patches/images/SA-MAG_X12k_JEM-1400 Flash_22429_x896_y1344.png,SA-MAG_X12k_JEM-1400 Flash_22429,classe_6,9,7,2,2
/content/drive/MyDrive/progetto_immunogold/patches/images/SA-MAG_X12k_JEM-1400 Flash_22429_x896_y1568.png,SA-MAG_X12k_JEM-1400 Flash_22429,classe_6,5,4,1,1
/content/drive/MyDrive/progetto_immunogold/patches/images/SA-MAG_X12k_JEM-1400 Flash_22429_x896_y1792.png,SA-MAG_X12k_JEM-1400 Flash_22429,classe_6,11,11,0,0
/content/drive/MyDrive/progetto_immunogold/patches/images/SA-MAG_X12k_JEM-1400 Flash_22429_x896_y224.png,SA-MAG_X12k_JEM-1400 Flash_22429,classe_6,12,13,1,-1
/content/drive/MyDrive/progetto_immunogold/patches/images/SA-MAG_X12k_JEM-1400 Flash_22429_x896_y448.png,SA-MAG_X12k_JEM-1400 Flash_22429,classe_6,14,15,1,-1
/content/drive/MyDrive/progetto_immunogold/patches/images/SA-MAG_X12k_JEM-1400 Flash_22429_x896_y672.png,SA-MAG_X12k_JEM-1400 Flash_22429,classe_6,9,9,0,0
/content/drive/MyDrive/progetto_immunogold/patches/images/SA-MAG_X12k_JEM-1400 Flash_22429_x896_y896.png,SA-MAG_X12k_JEM-1400 Flash_22429,classe_6,6,7,1,-1
/content/drive/MyDrive/progetto_immunogold/patches/images/SA-MAG_X15k_JEM-1400 Flash_22598_x0_y0.png,SA-MAG_X15k_JEM-1400 Flash_22598,classe_5,1,1,0,0
/content/drive/MyDrive/progetto_immunogold/patches/images/SA-MAG_X15k_JEM-1400 Flash_22598_x0_y1120.png,SA-MAG_X15k_JEM-1400 Flash_22598,classe_5,4,4,0,0
/content/drive/MyDrive/progetto_immunogold/patches/images/SA-MAG_X15k_JEM-1400 Flash_22598_x0_y1344.png,SA-MAG_X15k_JEM-1400 Flash_22598,classe_5,2,3,1,-1
/content/drive/MyDrive/progetto_immunogold/patches/images/SA-MAG_X15k_JEM-1400 Flash_22598_x0_y1568.png,SA-MAG_X15k_JEM-1400 Flash_22598,classe_5,4,5,1,-1
/content/drive/MyDrive/progetto_immunogold/patches/images/SA-MAG_X15k_JEM-1400 Flash_22598_x0_y1792.png,SA-MAG_X15k_JEM-1400 Flash_22598,classe_5,4,4,0,0
/content/drive/MyDrive/progetto_immunogold/patches/images/SA-MAG_X15k_JEM-1400 Flash_22598_x0_y224.png,SA-MAG_X15k_JEM-1400 Flash_22598,classe_5,2,3,1,-1
/content/drive/MyDrive/progetto_immunogold/patches/images/SA-MAG_X15k_JEM-1400 Flash_22598_x0_y448.png,SA-MAG_X15k_JEM-1400 Flash_22598,classe_5,0,0,0,0
/content/drive/MyDrive/progetto_immunogold/patches/images/SA-MAG_X15k_JEM-1400 Flash_22598_x0_y672.png,SA-MAG_X15k_JEM-1400 Flash_22598,classe_5,0,0,0,0
/content/drive/MyDrive/progetto_immunogold/patches/images/SA-MAG_X15k_JEM-1400 Flash_22598_x0_y896.png,SA-MAG_X15k_JEM-1400 Flash_22598,classe_5,2,2,0,0
/content/drive/MyDrive/progetto_immunogold/patches/images/SA-MAG_X15k_JEM-1400 Flash_22598_x1120_y0.png,SA-MAG_X15k_JEM-1400 Flash_22598,classe_5,0,0,0,0
/content/drive/MyDrive/progetto_immunogold/patches/images/SA-MAG_X15k_JEM-1400 Flash_22598_x1120_y1120.png,SA-MAG_X15k_JEM-1400 Flash_22598,classe_5,2,2,0,0
/content/drive/MyDrive/progetto_immunogold/patches/images/SA-MAG_X15k_JEM-1400 Flash_22598_x1120_y1344.png,SA-MAG_X15k_JEM-1400 Flash_22598,classe_5,7,5,2,2
/content/drive/MyDrive/progetto_immunogold/patches/images/SA-MAG_X15k_JEM-1400 Flash_22598_x1120_y1568.png,SA-MAG_X15k_JEM-1400 Flash_22598,classe_5,2,1,1,1
/content/drive/MyDrive/progetto_immunogold/patches/images/SA-MAG_X15k_JEM-1400 Flash_22598_x1120_y1792.png,SA-MAG_X15k_JEM-1400 Flash_22598,classe_5,1,2,1,-1
/content/drive/MyDrive/progetto_immunogold/patches/images/SA-MAG_X15k_JEM-1400 Flash_22598_x1120_y224.png,SA-MAG_X15k_JEM-1400 Flash_22598,classe_5,0,0,0,0
/content/drive/MyDrive/progetto_immunogold/patches/images/SA-MAG_X15k_JEM-1400 Flash_22598_x1120_y448.png,SA-MAG_X15k_JEM-1400 Flash_22598,classe_5,0,0,0,0
/content/drive/MyDrive/progetto_immunogold/patches/images/SA-MAG_X15k_JEM-1400 Flash_22598_x1120_y672.png,SA-MAG_X15k_JEM-1400 Flash_22598,classe_5,3,3,0,0
/content/drive/MyDrive/progetto_immunogold/patches/images/SA-MAG_X15k_JEM-1400 Flash_22598_x1120_y896.png,SA-MAG_X15k_JEM-1400 Flash_22598,classe_5,2,3,1,-1
/content/drive/MyDrive/progetto_immunogold/patches/images/SA-MAG_X15k_JEM-1400 Flash_22598_x1344_y0.png,SA-MAG_X15k_JEM-1400 Flash_22598,classe_5,0,0,0,0
/content/drive/MyDrive/progetto_immunogold/patches/images/SA-MAG_X15k_JEM-1400 Flash_22598_x1344_y1120.png,SA-MAG_X15k_JEM-1400 Flash_22598,classe_5,4,4,0,0
/content/drive/MyDrive/progetto_immunogold/patches/images/SA-MAG_X15k_JEM-1400 Flash_22598_x1344_y1344.png,SA-MAG_X15k_JEM-1400 Flash_22598,classe_5,2,3,1,-1
/content/drive/MyDrive/progetto_immunogold/patches/images/SA-MAG_X15k_JEM-1400 Flash_22598_x1344_y1568.png,SA-MAG_X15k_JEM-1400 Flash_22598,classe_5,4,2,2,2
/content/drive/MyDrive/progetto_immunogold/patches/images/SA-MAG_X15k_JEM-1400 Flash_22598_x1344_y1792.png,SA-MAG_X15k_JEM-1400 Flash_22598,classe_5,1,0,1,1
/content/drive/MyDrive/progetto_immunogold/patches/images/SA-MAG_X15k_JEM-1400 Flash_22598_x1344_y224.png,SA-MAG_X15k_JEM-1400 Flash_22598,classe_5,0,0,0,0
/content/drive/MyDrive/progetto_immunogold/patches/images/SA-MAG_X15k_JEM-1400 Flash_22598_x1344_y448.png,SA-MAG_X15k_JEM-1400 Flash_22598,classe_5,0,0,0,0
/content/drive/MyDrive/progetto_immunogold/patches/images/SA-MAG_X15k_JEM-1400 Flash_22598_x1344_y672.png,SA-MAG_X15k_JEM-1400 Flash_22598,classe_5,0,0,0,0
/content/drive/MyDrive/progetto_immunogold/patches/images/SA-MAG_X15k_JEM-1400 Flash_22598_x1344_y896.png,SA-MAG_X15k_JEM-1400 Flash_22598,classe_5,0,0,0,0
/content/drive/MyDrive/progetto_immunogold/patches/images/SA-MAG_X15k_JEM-1400 Flash_22598_x1568_y0.png,SA-MAG_X15k_JEM-1400 Flash_22598,classe_5,0,0,0,0
/content/drive/MyDrive/progetto_immunogold/patches/images/SA-MAG_X15k_JEM-1400 Flash_22598_x1568_y1120.png,SA-MAG_X15k_JEM-1400 Flash_22598,classe_5,1,1,0,0
/content/drive/MyDrive/progetto_immunogold/patches/images/SA-MAG_X15k_JEM-1400 Flash_22598_x1568_y1344.png,SA-MAG_X15k_JEM-1400 Flash_22598,classe_5,3,3,0,0
/content/drive/MyDrive/progetto_immunogold/patches/images/SA-MAG_X15k_JEM-1400 Flash_22598_x1568_y1568.png,SA-MAG_X15k_JEM-1400 Flash_22598,classe_5,13,12,1,1
/content/drive/MyDrive/progetto_immunogold/patches/images/SA-MAG_X15k_JEM-1400 Flash_22598_x1568_y1792.png,SA-MAG_X15k_JEM-1400 Flash_22598,classe_5,4,1,3,3
/content/drive/MyDrive/progetto_immunogold/patches/images/SA-MAG_X15k_JEM-1400 Flash_22598_x1568_y224.png,SA-MAG_X15k_JEM-1400 Flash_22598,classe_5,0,0,0,0
/content/drive/MyDrive/progetto_immunogold/patches/images/SA-MAG_X15k_JEM-1400 Flash_22598_x1568_y448.png,SA-MAG_X15k_JEM-1400 Flash_22598,classe_5,0,0,0,0
/content/drive/MyDrive/progetto_immunogold/patches/images/SA-MAG_X15k_JEM-1400 Flash_22598_x1568_y672.png,SA-MAG_X15k_JEM-1400 Flash_22598,classe_5,0,0,0,0
/content/drive/MyDrive/progetto_immunogold/patches/images/SA-MAG_X15k_JEM-1400 Flash_22598_x1568_y896.png,SA-MAG_X15k_JEM-1400 Flash_22598,classe_5,3,4,1,-1
/content/drive/MyDrive/progetto_immunogold/patches/images/SA-MAG_X15k_JEM-1400 Flash_22598_x1792_y0.png,SA-MAG_X15k_JEM-1400 Flash_22598,classe_5,0,0,0,0
/content/drive/MyDrive/progetto_immunogold/patches/images/SA-MAG_X15k_JEM-1400 Flash_22598_x1792_y1120.png,SA-MAG_X15k_JEM-1400 Flash_22598,classe_5,1,1,0,0
/content/drive/MyDrive/progetto_immunogold/patches/images/SA-MAG_X15k_JEM-1400 Flash_22598_x1792_y1344.png,SA-MAG_X15k_JEM-1400 Flash_22598,classe_5,5,7,2,-2
/content/drive/MyDrive/progetto_immunogold/patches/images/SA-MAG_X15k_JEM-1400 Flash_22598_x1792_y1568.png,SA-MAG_X15k_JEM-1400 Flash_22598,classe_5,4,4,0,0
/content/drive/MyDrive/progetto_immunogold/patches/images/SA-MAG_X15k_JEM-1400 Flash_22598_x1792_y1792.png,SA-MAG_X15k_JEM-1400 Flash_22598,classe_5,6,1,5,5
/content/drive/MyDrive/progetto_immunogold/patches/images/SA-MAG_X15k_JEM-1400 Flash_22598_x1792_y224.png,SA-MAG_X15k_JEM-1400 Flash_22598,classe_5,0,0,0,0
/content/drive/MyDrive/progetto_immunogold/patches/images/SA-MAG_X15k_JEM-1400 Flash_22598_x1792_y448.png,SA-MAG_X15k_JEM-1400 Flash_22598,classe_5,0,0,0,0
/content/drive/MyDrive/progetto_immunogold/patches/images/SA-MAG_X15k_JEM-1400 Flash_22598_x1792_y672.png,SA-MAG_X15k_JEM-1400 Flash_22598,classe_5,0,0,0,0
/content/drive/MyDrive/progetto_immunogold/patches/images/SA-MAG_X15k_JEM-1400 Flash_22598_x1792_y896.png,SA-MAG_X15k_JEM-1400 Flash_22598,classe_5,1,2,1,-1
/content/drive/MyDrive/progetto_immunogold/patches/images/SA-MAG_X15k_JEM-1400 Flash_22598_x224_y0.png,SA-MAG_X15k_JEM-1400 Flash_22598,classe_5,0,0,0,0
/content/drive/MyDrive/progetto_immunogold/patches/images/SA-MAG_X15k_JEM-1400 Flash_22598_x224_y1120.png,SA-MAG_X15k_JEM-1400 Flash_22598,classe_5,0,0,0,0
/content/drive/MyDrive/progetto_immunogold/patches/images/SA-MAG_X15k_JEM-1400 Flash_22598_x224_y1344.png,SA-MAG_X15k_JEM-1400 Flash_22598,classe_5,0,0,0,0
/content/drive/MyDrive/progetto_immunogold/patches/images/SA-MAG_X15k_JEM-1400 Flash_22598_x224_y1568.png,SA-MAG_X15k_JEM-1400 Flash_22598,classe_5,6,5,1,1
/content/drive/MyDrive/progetto_immunogold/patches/images/SA-MAG_X15k_JEM-1400 Flash_22598_x224_y1792.png,SA-MAG_X15k_JEM-1400 Flash_22598,classe_5,3,4,1,-1
/content/drive/MyDrive/progetto_immunogold/patches/images/SA-MAG_X15k_JEM-1400 Flash_22598_x224_y224.png,SA-MAG_X15k_JEM-1400 Flash_22598,classe_5,2,4,2,-2
/content/drive/MyDrive/progetto_immunogold/patches/images/SA-MAG_X15k_JEM-1400 Flash_22598_x224_y448.png,SA-MAG_X15k_JEM-1400 Flash_22598,classe_5,1,1,0,0
/content/drive/MyDrive/progetto_immunogold/patches/images/SA-MAG_X15k_JEM-1400 Flash_22598_x224_y672.png,SA-MAG_X15k_JEM-1400 Flash_22598,classe_5,1,1,0,0
/content/drive/MyDrive/progetto_immunogold/patches/images/SA-MAG_X15k_JEM-1400 Flash_22598_x224_y896.png,SA-MAG_X15k_JEM-1400 Flash_22598,classe_5,0,0,0,0
/content/drive/MyDrive/progetto_immunogold/patches/images/SA-MAG_X15k_JEM-1400 Flash_22598_x448_y0.png,SA-MAG_X15k_JEM-1400 Flash_22598,classe_5,0,0,0,0
/content/drive/MyDrive/progetto_immunogold/patches/images/SA-MAG_X15k_JEM-1400 Flash_22598_x448_y1120.png,SA-MAG_X15k_JEM-1400 Flash_22598,classe_5,0,0,0,0
/content/drive/MyDrive/progetto_immunogold/patches/images/SA-MAG_X15k_JEM-1400 Flash_22598_x448_y1344.png,SA-MAG_X15k_JEM-1400 Flash_22598,classe_5,2,3,1,-1
/content/drive/MyDrive/progetto_immunogold/patches/images/SA-MAG_X15k_JEM-1400 Flash_22598_x448_y1568.png,SA-MAG_X15k_JEM-1400 Flash_22598,classe_5,2,3,1,-1
/content/drive/MyDrive/progetto_immunogold/patches/images/SA-MAG_X15k_JEM-1400 Flash_22598_x448_y1792.png,SA-MAG_X15k_JEM-1400 Flash_22598,classe_5,2,2,0,0
/content/drive/MyDrive/progetto_immunogold/patches/images/SA-MAG_X15k_JEM-1400 Flash_22598_x448_y224.png,SA-MAG_X15k_JEM-1400 Flash_22598,classe_5,0,0,0,0
/content/drive/MyDrive/progetto_immunogold/patches/images/SA-MAG_X15k_JEM-1400 Flash_22598_x448_y448.png,SA-MAG_X15k_JEM-1400 Flash_22598,classe_5,3,5,2,-2
/content/drive/MyDrive/progetto_immunogold/patches/images/SA-MAG_X15k_JEM-1400 Flash_22598_x448_y672.png,SA-MAG_X15k_JEM-1400 Flash_22598,classe_5,1,0,1,1
/content/drive/MyDrive/progetto_immunogold/patches/images/SA-MAG_X15k_JEM-1400 Flash_22598_x448_y896.png,SA-MAG_X15k_JEM-1400 Flash_22598,classe_5,0,0,0,0
/content/drive/MyDrive/progetto_immunogold/patches/images/SA-MAG_X15k_JEM-1400 Flash_22598_x672_y0.png,SA-MAG_X15k_JEM-1400 Flash_22598,classe_5,0,0,0,0
/content/drive/MyDrive/progetto_immunogold/patches/images/SA-MAG_X15k_JEM-1400 Flash_22598_x672_y1120.png,SA-MAG_X15k_JEM-1400 Flash_22598,classe_5,3,2,1,1
/content/drive/MyDrive/progetto_immunogold/patches/images/SA-MAG_X15k_JEM-1400 Flash_22598_x672_y1344.png,SA-MAG_X15k_JEM-1400 Flash_22598,classe_5,6,5,1,1
/content/drive/MyDrive/progetto_immunogold/patches/images/SA-MAG_X15k_JEM-1400 Flash_22598_x672_y1568.png,SA-MAG_X15k_JEM-1400 Flash_22598,classe_5,5,4,1,1
/content/drive/MyDrive/progetto_immunogold/patches/images/SA-MAG_X15k_JEM-1400 Flash_22598_x672_y1792.png,SA-MAG_X15k_JEM-1400 Flash_22598,classe_5,9,9,0,0
/content/drive/MyDrive/progetto_immunogold/patches/images/SA-MAG_X15k_JEM-1400 Flash_22598_x672_y224.png,SA-MAG_X15k_JEM-1400 Flash_22598,classe_5,0,0,0,0
/content/drive/MyDrive/progetto_immunogold/patches/images/SA-MAG_X15k_JEM-1400 Flash_22598_x672_y448.png,SA-MAG_X15k_JEM-1400 Flash_22598,classe_5,0,1,1,-1
/content/drive/MyDrive/progetto_immunogold/patches/images/SA-MAG_X15k_JEM-1400 Flash_22598_x672_y672.png,SA-MAG_X15k_JEM-1400 Flash_22598,classe_5,1,2,1,-1
/content/drive/MyDrive/progetto_immunogold/patches/images/SA-MAG_X15k_JEM-1400 Flash_22598_x672_y896.png,SA-MAG_X15k_JEM-1400 Flash_22598,classe_5,0,1,1,-1
/content/drive/MyDrive/progetto_immunogold/patches/images/SA-MAG_X15k_JEM-1400 Flash_22598_x896_y0.png,SA-MAG_X15k_JEM-1400 Flash_22598,classe_5,0,0,0,0
/content/drive/MyDrive/progetto_immunogold/patches/images/SA-MAG_X15k_JEM-1400 Flash_22598_x896_y1120.png,SA-MAG_X15k_JEM-1400 Flash_22598,classe_5,2,1,1,1
/content/drive/MyDrive/progetto_immunogold/patches/images/SA-MAG_X15k_JEM-1400 Flash_22598_x896_y1344.png,SA-MAG_X15k_JEM-1400 Flash_22598,classe_5,5,2,3,3
/content/drive/MyDrive/progetto_immunogold/patches/images/SA-MAG_X15k_JEM-1400 Flash_22598_x896_y1568.png,SA-MAG_X15k_JEM-1400 Flash_22598,classe_5,3,3,0,0
/content/drive/MyDrive/progetto_immunogold/patches/images/SA-MAG_X15k_JEM-1400 Flash_22598_x896_y1792.png,SA-MAG_X15k_JEM-1400 Flash_22598,classe_5,5,7,2,-2
/content/drive/MyDrive/progetto_immunogold/patches/images/SA-MAG_X15k_JEM-1400 Flash_22598_x896_y224.png,SA-MAG_X15k_JEM-1400 Flash_22598,classe_5,0,0,0,0
/content/drive/MyDrive/progetto_immunogold/patches/images/SA-MAG_X15k_JEM-1400 Flash_22598_x896_y448.png,SA-MAG_X15k_JEM-1400 Flash_22598,classe_5,0,0,0,0
/content/drive/MyDrive/progetto_immunogold/patches/images/SA-MAG_X15k_JEM-1400 Flash_22598_x896_y672.png,SA-MAG_X15k_JEM-1400 Flash_22598,classe_5,3,3,0,0
/content/drive/MyDrive/progetto_immunogold/patches/images/SA-MAG_X15k_JEM-1400 Flash_22598_x896_y896.png,SA-MAG_X15k_JEM-1400 Flash_22598,classe_5,1,1,0,0
/content/drive/MyDrive/progetto_immunogold/patches/images/SA-MAG_X30k_JEM-1400 Flash_22426_x0_y0.png,SA-MAG_X30k_JEM-1400 Flash_22426,classe_2,1,1,0,0
/content/drive/MyDrive/progetto_immunogold/patches/images/SA-MAG_X30k_JEM-1400 Flash_22426_x0_y1120.png,SA-MAG_X30k_JEM-1400 Flash_22426,classe_2,0,0,0,0
/content/drive/MyDrive/progetto_immunogold/patches/images/SA-MAG_X30k_JEM-1400 Flash_22426_x0_y1344.png,SA-MAG_X30k_JEM-1400 Flash_22426,classe_2,3,3,0,0
/content/drive/MyDrive/progetto_immunogold/patches/images/SA-MAG_X30k_JEM-1400 Flash_22426_x0_y1568.png,SA-MAG_X30k_JEM-1400 Flash_22426,classe_2,1,0,1,1
/content/drive/MyDrive/progetto_immunogold/patches/images/SA-MAG_X30k_JEM-1400 Flash_22426_x0_y1792.png,SA-MAG_X30k_JEM-1400 Flash_22426,classe_2,8,8,0,0
/content/drive/MyDrive/progetto_immunogold/patches/images/SA-MAG_X30k_JEM-1400 Flash_22426_x0_y224.png,SA-MAG_X30k_JEM-1400 Flash_22426,classe_2,1,1,0,0
/content/drive/MyDrive/progetto_immunogold/patches/images/SA-MAG_X30k_JEM-1400 Flash_22426_x0_y448.png,SA-MAG_X30k_JEM-1400 Flash_22426,classe_2,4,5,1,-1
/content/drive/MyDrive/progetto_immunogold/patches/images/SA-MAG_X30k_JEM-1400 Flash_22426_x0_y672.png,SA-MAG_X30k_JEM-1400 Flash_22426,classe_2,1,1,0,0
/content/drive/MyDrive/progetto_immunogold/patches/images/SA-MAG_X30k_JEM-1400 Flash_22426_x0_y896.png,SA-MAG_X30k_JEM-1400 Flash_22426,classe_2,1,0,1,1
/content/drive/MyDrive/progetto_immunogold/patches/images/SA-MAG_X30k_JEM-1400 Flash_22426_x1120_y0.png,SA-MAG_X30k_JEM-1400 Flash_22426,classe_2,0,0,0,0
/content/drive/MyDrive/progetto_immunogold/patches/images/SA-MAG_X30k_JEM-1400 Flash_22426_x1120_y1120.png,SA-MAG_X30k_JEM-1400 Flash_22426,classe_2,2,2,0,0
/content/drive/MyDrive/progetto_immunogold/patches/images/SA-MAG_X30k_JEM-1400 Flash_22426_x1120_y1344.png,SA-MAG_X30k_JEM-1400 Flash_22426,classe_2,1,1,0,0
/content/drive/MyDrive/progetto_immunogold/patches/images/SA-MAG_X30k_JEM-1400 Flash_22426_x1120_y1568.png,SA-MAG_X30k_JEM-1400 Flash_22426,classe_2,6,6,0,0
/content/drive/MyDrive/progetto_immunogold/patches/images/SA-MAG_X30k_JEM-1400 Flash_22426_x1120_y1792.png,SA-MAG_X30k_JEM-1400 Flash_22426,classe_2,2,3,1,-1
/content/drive/MyDrive/progetto_immunogold/patches/images/SA-MAG_X30k_JEM-1400 Flash_22426_x1120_y224.png,SA-MAG_X30k_JEM-1400 Flash_22426,classe_2,2,1,1,1
/content/drive/MyDrive/progetto_immunogold/patches/images/SA-MAG_X30k_JEM-1400 Flash_22426_x1120_y448.png,SA-MAG_X30k_JEM-1400 Flash_22426,classe_2,2,2,0,0
/content/drive/MyDrive/progetto_immunogold/patches/images/SA-MAG_X30k_JEM-1400 Flash_22426_x1120_y672.png,SA-MAG_X30k_JEM-1400 Flash_22426,classe_2,1,0,1,1
/content/drive/MyDrive/progetto_immunogold/patches/images/SA-MAG_X30k_JEM-1400 Flash_22426_x1120_y896.png,SA-MAG_X30k_JEM-1400 Flash_22426,classe_2,1,1,0,0
/content/drive/MyDrive/progetto_immunogold/patches/images/SA-MAG_X30k_JEM-1400 Flash_22426_x1344_y0.png,SA-MAG_X30k_JEM-1400 Flash_22426,classe_2,1,0,1,1
/content/drive/MyDrive/progetto_immunogold/patches/images/SA-MAG_X30k_JEM-1400 Flash_22426_x1344_y1120.png,SA-MAG_X30k_JEM-1400 Flash_22426,classe_2,5,5,0,0
/content/drive/MyDrive/progetto_immunogold/patches/images/SA-MAG_X30k_JEM-1400 Flash_22426_x1344_y1344.png,SA-MAG_X30k_JEM-1400 Flash_22426,classe_2,1,1,0,0
/content/drive/MyDrive/progetto_immunogold/patches/images/SA-MAG_X30k_JEM-1400 Flash_22426_x1344_y1568.png,SA-MAG_X30k_JEM-1400 Flash_22426,classe_2,1,0,1,1
/content/drive/MyDrive/progetto_immunogold/patches/images/SA-MAG_X30k_JEM-1400 Flash_22426_x1344_y1792.png,SA-MAG_X30k_JEM-1400 Flash_22426,classe_2,0,0,0,0
/content/drive/MyDrive/progetto_immunogold/patches/images/SA-MAG_X30k_JEM-1400 Flash_22426_x1344_y224.png,SA-MAG_X30k_JEM-1400 Flash_22426,classe_2,1,2,1,-1
/content/drive/MyDrive/progetto_immunogold/patches/images/SA-MAG_X30k_JEM-1400 Flash_22426_x1344_y448.png,SA-MAG_X30k_JEM-1400 Flash_22426,classe_2,1,1,0,0
/content/drive/MyDrive/progetto_immunogold/patches/images/SA-MAG_X30k_JEM-1400 Flash_22426_x1344_y672.png,SA-MAG_X30k_JEM-1400 Flash_22426,classe_2,0,0,0,0
/content/drive/MyDrive/progetto_immunogold/patches/images/SA-MAG_X30k_JEM-1400 Flash_22426_x1344_y896.png,SA-MAG_X30k_JEM-1400 Flash_22426,classe_2,4,3,1,1
/content/drive/MyDrive/progetto_immunogold/patches/images/SA-MAG_X30k_JEM-1400 Flash_22426_x1568_y0.png,SA-MAG_X30k_JEM-1400 Flash_22426,classe_2,1,1,0,0
/content/drive/MyDrive/progetto_immunogold/patches/images/SA-MAG_X30k_JEM-1400 Flash_22426_x1568_y1120.png,SA-MAG_X30k_JEM-1400 Flash_22426,classe_2,5,3,2,2
/content/drive/MyDrive/progetto_immunogold/patches/images/SA-MAG_X30k_JEM-1400 Flash_22426_x1568_y1344.png,SA-MAG_X30k_JEM-1400 Flash_22426,classe_2,1,1,0,0
/content/drive/MyDrive/progetto_immunogold/patches/images/SA-MAG_X30k_JEM-1400 Flash_22426_x1568_y1568.png,SA-MAG_X30k_JEM-1400 Flash_22426,classe_2,0,0,0,0
/content/drive/MyDrive/progetto_immunogold/patches/images/SA-MAG_X30k_JEM-1400 Flash_22426_x1568_y1792.png,SA-MAG_X30k_JEM-1400 Flash_22426,classe_2,1,1,0,0
/content/drive/MyDrive/progetto_immunogold/patches/images/SA-MAG_X30k_JEM-1400 Flash_22426_x1568_y224.png,SA-MAG_X30k_JEM-1400 Flash_22426,classe_2,1,1,0,0
/content/drive/MyDrive/progetto_immunogold/patches/images/SA-MAG_X30k_JEM-1400 Flash_22426_x1568_y448.png,SA-MAG_X30k_JEM-1400 Flash_22426,classe_2,1,1,0,0
/content/drive/MyDrive/progetto_immunogold/patches/images/SA-MAG_X30k_JEM-1400 Flash_22426_x1568_y672.png,SA-MAG_X30k_JEM-1400 Flash_22426,classe_2,0,0,0,0
/content/drive/MyDrive/progetto_immunogold/patches/images/SA-MAG_X30k_JEM-1400 Flash_22426_x1568_y896.png,SA-MAG_X30k_JEM-1400 Flash_22426,classe_2,4,3,1,1
/content/drive/MyDrive/progetto_immunogold/patches/images/SA-MAG_X30k_JEM-1400 Flash_22426_x1792_y0.png,SA-MAG_X30k_JEM-1400 Flash_22426,classe_2,0,0,0,0
/content/drive/MyDrive/progetto_immunogold/patches/images/SA-MAG_X30k_JEM-1400 Flash_22426_x1792_y1120.png,SA-MAG_X30k_JEM-1400 Flash_22426,classe_2,0,0,0,0
/content/drive/MyDrive/progetto_immunogold/patches/images/SA-MAG_X30k_JEM-1400 Flash_22426_x1792_y1344.png,SA-MAG_X30k_JEM-1400 Flash_22426,classe_2,1,1,0,0
/content/drive/MyDrive/progetto_immunogold/patches/images/SA-MAG_X30k_JEM-1400 Flash_22426_x1792_y1568.png,SA-MAG_X30k_JEM-1400 Flash_22426,classe_2,0,0,0,0
/content/drive/MyDrive/progetto_immunogold/patches/images/SA-MAG_X30k_JEM-1400 Flash_22426_x1792_y1792.png,SA-MAG_X30k_JEM-1400 Flash_22426,classe_2,3,3,0,0
/content/drive/MyDrive/progetto_immunogold/patches/images/SA-MAG_X30k_JEM-1400 Flash_22426_x1792_y224.png,SA-MAG_X30k_JEM-1400 Flash_22426,classe_2,0,0,0,0
/content/drive/MyDrive/progetto_immunogold/patches/images/SA-MAG_X30k_JEM-1400 Flash_22426_x1792_y448.png,SA-MAG_X30k_JEM-1400 Flash_22426,classe_2,0,0,0,0
/content/drive/MyDrive/progetto_immunogold/patches/images/SA-MAG_X30k_JEM-1400 Flash_22426_x1792_y672.png,SA-MAG_X30k_JEM-1400 Flash_22426,classe_2,0,0,0,0
/content/drive/MyDrive/progetto_immunogold/patches/images/SA-MAG_X30k_JEM-1400 Flash_22426_x1792_y896.png,SA-MAG_X30k_JEM-1400 Flash_22426,classe_2,5,6,1,-1
/content/drive/MyDrive/progetto_immunogold/patches/images/SA-MAG_X30k_JEM-1400 Flash_22426_x224_y0.png,SA-MAG_X30k_JEM-1400 Flash_22426,classe_2,2,2,0,0
/content/drive/MyDrive/progetto_immunogold/patches/images/SA-MAG_X30k_JEM-1400 Flash_22426_x224_y1120.png,SA-MAG_X30k_JEM-1400 Flash_22426,classe_2,0,0,0,0
/content/drive/MyDrive/progetto_immunogold/patches/images/SA-MAG_X30k_JEM-1400 Flash_22426_x224_y1344.png,SA-MAG_X30k_JEM-1400 Flash_22426,classe_2,3,3,0,0
/content/drive/MyDrive/progetto_immunogold/patches/images/SA-MAG_X30k_JEM-1400 Flash_22426_x224_y1568.png,SA-MAG_X30k_JEM-1400 Flash_22426,classe_2,3,3,0,0
/content/drive/MyDrive/progetto_immunogold/patches/images/SA-MAG_X30k_JEM-1400 Flash_22426_x224_y1792.png,SA-MAG_X30k_JEM-1400 Flash_22426,classe_2,3,3,0,0
/content/drive/MyDrive/progetto_immunogold/patches/images/SA-MAG_X30k_JEM-1400 Flash_22426_x224_y224.png,SA-MAG_X30k_JEM-1400 Flash_22426,classe_2,1,1,0,0
/content/drive/MyDrive/progetto_immunogold/patches/images/SA-MAG_X30k_JEM-1400 Flash_22426_x224_y448.png,SA-MAG_X30k_JEM-1400 Flash_22426,classe_2,1,1,0,0
/content/drive/MyDrive/progetto_immunogold/patches/images/SA-MAG_X30k_JEM-1400 Flash_22426_x224_y672.png,SA-MAG_X30k_JEM-1400 Flash_22426,classe_2,3,3,0,0
/content/drive/MyDrive/progetto_immunogold/patches/images/SA-MAG_X30k_JEM-1400 Flash_22426_x224_y896.png,SA-MAG_X30k_JEM-1400 Flash_22426,classe_2,3,3,0,0
/content/drive/MyDrive/progetto_immunogold/patches/images/SA-MAG_X30k_JEM-1400 Flash_22426_x448_y0.png,SA-MAG_X30k_JEM-1400 Flash_22426,classe_2,0,0,0,0
/content/drive/MyDrive/progetto_immunogold/patches/images/SA-MAG_X30k_JEM-1400 Flash_22426_x448_y1120.png,SA-MAG_X30k_JEM-1400 Flash_22426,classe_2,0,0,0,0
/content/drive/MyDrive/progetto_immunogold/patches/images/SA-MAG_X30k_JEM-1400 Flash_22426_x448_y1344.png,SA-MAG_X30k_JEM-1400 Flash_22426,classe_2,1,1,0,0
/content/drive/MyDrive/progetto_immunogold/patches/images/SA-MAG_X30k_JEM-1400 Flash_22426_x448_y1568.png,SA-MAG_X30k_JEM-1400 Flash_22426,classe_2,6,7,1,-1
/content/drive/MyDrive/progetto_immunogold/patches/images/SA-MAG_X30k_JEM-1400 Flash_22426_x448_y1792.png,SA-MAG_X30k_JEM-1400 Flash_22426,classe_2,4,4,0,0
/content/drive/MyDrive/progetto_immunogold/patches/images/SA-MAG_X30k_JEM-1400 Flash_22426_x448_y224.png,SA-MAG_X30k_JEM-1400 Flash_22426,classe_2,0,0,0,0
/content/drive/MyDrive/progetto_immunogold/patches/images/SA-MAG_X30k_JEM-1400 Flash_22426_x448_y448.png,SA-MAG_X30k_JEM-1400 Flash_22426,classe_2,1,0,1,1
/content/drive/MyDrive/progetto_immunogold/patches/images/SA-MAG_X30k_JEM-1400 Flash_22426_x448_y672.png,SA-MAG_X30k_JEM-1400 Flash_22426,classe_2,2,2,0,0
/content/drive/MyDrive/progetto_immunogold/patches/images/SA-MAG_X30k_JEM-1400 Flash_22426_x448_y896.png,SA-MAG_X30k_JEM-1400 Flash_22426,classe_2,11,11,0,0
/content/drive/MyDrive/progetto_immunogold/patches/images/SA-MAG_X30k_JEM-1400 Flash_22426_x672_y0.png,SA-MAG_X30k_JEM-1400 Flash_22426,classe_2,0,0,0,0
/content/drive/MyDrive/progetto_immunogold/patches/images/SA-MAG_X30k_JEM-1400 Flash_22426_x672_y1120.png,SA-MAG_X30k_JEM-1400 Flash_22426,classe_2,3,3,0,0
/content/drive/MyDrive/progetto_immunogold/patches/images/SA-MAG_X30k_JEM-1400 Flash_22426_x672_y1344.png,SA-MAG_X30k_JEM-1400 Flash_22426,classe_2,1,1,0,0
/content/drive/MyDrive/progetto_immunogold/patches/images/SA-MAG_X30k_JEM-1400 Flash_22426_x672_y1568.png,SA-MAG_X30k_JEM-1400 Flash_22426,classe_2,2,2,0,0
/content/drive/MyDrive/progetto_immunogold/patches/images/SA-MAG_X30k_JEM-1400 Flash_22426_x672_y1792.png,SA-MAG_X30k_JEM-1400 Flash_22426,classe_2,4,3,1,1
/content/drive/MyDrive/progetto_immunogold/patches/images/SA-MAG_X30k_JEM-1400 Flash_22426_x672_y224.png,SA-MAG_X30k_JEM-1400 Flash_22426,classe_2,0,0,0,0
/content/drive/MyDrive/progetto_immunogold/patches/images/SA-MAG_X30k_JEM-1400 Flash_22426_x672_y448.png,SA-MAG_X30k_JEM-1400 Flash_22426,classe_2,1,1,0,0
/content/drive/MyDrive/progetto_immunogold/patches/images/SA-MAG_X30k_JEM-1400 Flash_22426_x672_y672.png,SA-MAG_X30k_JEM-1400 Flash_22426,classe_2,1,1,0,0
/content/drive/MyDrive/progetto_immunogold/patches/images/SA-MAG_X30k_JEM-1400 Flash_22426_x672_y896.png,SA-MAG_X30k_JEM-1400 Flash_22426,classe_2,5,5,0,0
/content/drive/MyDrive/progetto_immunogold/patches/images/SA-MAG_X30k_JEM-1400 Flash_22426_x896_y0.png,SA-MAG_X30k_JEM-1400 Flash_22426,classe_2,0,0,0,0
/content/drive/MyDrive/progetto_immunogold/patches/images/SA-MAG_X30k_JEM-1400 Flash_22426_x896_y1120.png,SA-MAG_X30k_JEM-1400 Flash_22426,classe_2,3,3,0,0
/content/drive/MyDrive/progetto_immunogold/patches/images/SA-MAG_X30k_JEM-1400 Flash_22426_x896_y1344.png,SA-MAG_X30k_JEM-1400 Flash_22426,classe_2,3,4,1,-1
/content/drive/MyDrive/progetto_immunogold/patches/images/SA-MAG_X30k_JEM-1400 Flash_22426_x896_y1568.png,SA-MAG_X30k_JEM-1400 Flash_22426,classe_2,4,5,1,-1
/content/drive/MyDrive/progetto_immunogold/patches/images/SA-MAG_X30k_JEM-1400 Flash_22426_x896_y1792.png,SA-MAG_X30k_JEM-1400 Flash_22426,classe_2,4,4,0,0
/content/drive/MyDrive/progetto_immunogold/patches/images/SA-MAG_X30k_JEM-1400 Flash_22426_x896_y224.png,SA-MAG_X30k_JEM-1400 Flash_22426,classe_2,1,0,1,1
/content/drive/MyDrive/progetto_immunogold/patches/images/SA-MAG_X30k_JEM-1400 Flash_22426_x896_y448.png,SA-MAG_X30k_JEM-1400 Flash_22426,classe_2,1,1,0,0
/content/drive/MyDrive/progetto_immunogold/patches/images/SA-MAG_X30k_JEM-1400 Flash_22426_x896_y672.png,SA-MAG_X30k_JEM-1400 Flash_22426,classe_2,1,1,0,0
/content/drive/MyDrive/progetto_immunogold/patches/images/SA-MAG_X30k_JEM-1400 Flash_22426_x896_y896.png,SA-MAG_X30k_JEM-1400 Flash_22426,classe_2,0,0,0,0
/content/drive/MyDrive/progetto_immunogold/patches/images/SA-MAG_X6000_JEM-1400 Flash_22424_x0_y0.png,SA-MAG_X6000_JEM-1400 Flash_22424,classe_9,13,6,7,7
/content/drive/MyDrive/progetto_immunogold/patches/images/SA-MAG_X6000_JEM-1400 Flash_22424_x0_y1120.png,SA-MAG_X6000_JEM-1400 Flash_22424,classe_9,31,33,2,-2
/content/drive/MyDrive/progetto_immunogold/patches/images/SA-MAG_X6000_JEM-1400 Flash_22424_x0_y1344.png,SA-MAG_X6000_JEM-1400 Flash_22424,classe_9,28,33,5,-5
/content/drive/MyDrive/progetto_immunogold/patches/images/SA-MAG_X6000_JEM-1400 Flash_22424_x0_y1568.png,SA-MAG_X6000_JEM-1400 Flash_22424,classe_9,29,38,9,-9
/content/drive/MyDrive/progetto_immunogold/patches/images/SA-MAG_X6000_JEM-1400 Flash_22424_x0_y1792.png,SA-MAG_X6000_JEM-1400 Flash_22424,classe_9,27,31,4,-4
/content/drive/MyDrive/progetto_immunogold/patches/images/SA-MAG_X6000_JEM-1400 Flash_22424_x0_y224.png,SA-MAG_X6000_JEM-1400 Flash_22424,classe_9,14,7,7,7
/content/drive/MyDrive/progetto_immunogold/patches/images/SA-MAG_X6000_JEM-1400 Flash_22424_x0_y448.png,SA-MAG_X6000_JEM-1400 Flash_22424,classe_9,10,10,0,0
/content/drive/MyDrive/progetto_immunogold/patches/images/SA-MAG_X6000_JEM-1400 Flash_22424_x0_y672.png,SA-MAG_X6000_JEM-1400 Flash_22424,classe_9,22,37,15,-15
/content/drive/MyDrive/progetto_immunogold/patches/images/SA-MAG_X6000_JEM-1400 Flash_22424_x0_y896.png,SA-MAG_X6000_JEM-1400 Flash_22424,classe_9,36,32,4,4
/content/drive/MyDrive/progetto_immunogold/patches/images/SA-MAG_X6000_JEM-1400 Flash_22424_x1120_y0.png,SA-MAG_X6000_JEM-1400 Flash_22424,classe_9,19,8,11,11
/content/drive/MyDrive/progetto_immunogold/patches/images/SA-MAG_X6000_JEM-1400 Flash_22424_x1120_y1120.png,SA-MAG_X6000_JEM-1400 Flash_22424,classe_9,59,59,0,0
/content/drive/MyDrive/progetto_immunogold/patches/images/SA-MAG_X6000_JEM-1400 Flash_22424_x1120_y1344.png,SA-MAG_X6000_JEM-1400 Flash_22424,classe_9,19,14,5,5
/content/drive/MyDrive/progetto_immunogold/patches/images/SA-MAG_X6000_JEM-1400 Flash_22424_x1120_y1568.png,SA-MAG_X6000_JEM-1400 Flash_22424,classe_9,13,9,4,4
/content/drive/MyDrive/progetto_immunogold/patches/images/SA-MAG_X6000_JEM-1400 Flash_22424_x1120_y1792.png,SA-MAG_X6000_JEM-1400 Flash_22424,classe_9,29,28,1,1
/content/drive/MyDrive/progetto_immunogold/patches/images/SA-MAG_X6000_JEM-1400 Flash_22424_x1120_y224.png,SA-MAG_X6000_JEM-1400 Flash_22424,classe_9,13,8,5,5
/content/drive/MyDrive/progetto_immunogold/patches/images/SA-MAG_X6000_JEM-1400 Flash_22424_x1120_y448.png,SA-MAG_X6000_JEM-1400 Flash_22424,classe_9,22,9,13,13
/content/drive/MyDrive/progetto_immunogold/patches/images/SA-MAG_X6000_JEM-1400 Flash_22424_x1120_y672.png,SA-MAG_X6000_JEM-1400 Flash_22424,classe_9,21,31,10,-10
/content/drive/MyDrive/progetto_immunogold/patches/images/SA-MAG_X6000_JEM-1400 Flash_22424_x1120_y896.png,SA-MAG_X6000_JEM-1400 Flash_22424,classe_9,53,61,8,-8
/content/drive/MyDrive/progetto_immunogold/patches/images/SA-MAG_X6000_JEM-1400 Flash_22424_x1344_y0.png,SA-MAG_X6000_JEM-1400 Flash_22424,classe_9,11,6,5,5
/content/drive/MyDrive/progetto_immunogold/patches/images/SA-MAG_X6000_JEM-1400 Flash_22424_x1344_y1120.png,SA-MAG_X6000_JEM-1400 Flash_22424,classe_9,22,19,3,3
/content/drive/MyDrive/progetto_immunogold/patches/images/SA-MAG_X6000_JEM-1400 Flash_22424_x1344_y1344.png,SA-MAG_X6000_JEM-1400 Flash_22424,classe_9,24,24,0,0
/content/drive/MyDrive/progetto_immunogold/patches/images/SA-MAG_X6000_JEM-1400 Flash_22424_x1344_y1568.png,SA-MAG_X6000_JEM-1400 Flash_22424,classe_9,17,19,2,-2
/content/drive/MyDrive/progetto_immunogold/patches/images/SA-MAG_X6000_JEM-1400 Flash_22424_x1344_y1792.png,SA-MAG_X6000_JEM-1400 Flash_22424,classe_9,13,14,1,-1
/content/drive/MyDrive/progetto_immunogold/patches/images/SA-MAG_X6000_JEM-1400 Flash_22424_x1344_y224.png,SA-MAG_X6000_JEM-1400 Flash_22424,classe_9,15,15,0,0
/content/drive/MyDrive/progetto_immunogold/patches/images/SA-MAG_X6000_JEM-1400 Flash_22424_x1344_y448.png,SA-MAG_X6000_JEM-1400 Flash_22424,classe_9,48,41,7,7
/content/drive/MyDrive/progetto_immunogold/patches/images/SA-MAG_X6000_JEM-1400 Flash_22424_x1344_y672.png,SA-MAG_X6000_JEM-1400 Flash_22424,classe_9,30,34,4,-4
/content/drive/MyDrive/progetto_immunogold/patches/images/SA-MAG_X6000_JEM-1400 Flash_22424_x1344_y896.png,SA-MAG_X6000_JEM-1400 Flash_22424,classe_9,30,30,0,0
/content/drive/MyDrive/progetto_immunogold/patches/images/SA-MAG_X6000_JEM-1400 Flash_22424_x1568_y0.png,SA-MAG_X6000_JEM-1400 Flash_22424,classe_9,22,22,0,0
/content/drive/MyDrive/progetto_immunogold/patches/images/SA-MAG_X6000_JEM-1400 Flash_22424_x1568_y1120.png,SA-MAG_X6000_JEM-1400 Flash_22424,classe_9,31,30,1,1
/content/drive/MyDrive/progetto_immunogold/patches/images/SA-MAG_X6000_JEM-1400 Flash_22424_x1568_y1344.png,SA-MAG_X6000_JEM-1400 Flash_22424,classe_9,17,19,2,-2
/content/drive/MyDrive/progetto_immunogold/patches/images/SA-MAG_X6000_JEM-1400 Flash_22424_x1568_y1568.png,SA-MAG_X6000_JEM-1400 Flash_22424,classe_9,3,5,2,-2
/content/drive/MyDrive/progetto_immunogold/patches/images/SA-MAG_X6000_JEM-1400 Flash_22424_x1568_y1792.png,SA-MAG_X6000_JEM-1400 Flash_22424,classe_9,0,0,0,0
/content/drive/MyDrive/progetto_immunogold/patches/images/SA-MAG_X6000_JEM-1400 Flash_22424_x1568_y224.png,SA-MAG_X6000_JEM-1400 Flash_22424,classe_9,47,54,7,-7
/content/drive/MyDrive/progetto_immunogold/patches/images/SA-MAG_X6000_JEM-1400 Flash_22424_x1568_y448.png,SA-MAG_X6000_JEM-1400 Flash_22424,classe_9,45,53,8,-8
/content/drive/MyDrive/progetto_immunogold/patches/images/SA-MAG_X6000_JEM-1400 Flash_22424_x1568_y672.png,SA-MAG_X6000_JEM-1400 Flash_22424,classe_9,36,37,1,-1
/content/drive/MyDrive/progetto_immunogold/patches/images/SA-MAG_X6000_JEM-1400 Flash_22424_x1568_y896.png,SA-MAG_X6000_JEM-1400 Flash_22424,classe_9,18,22,4,-4
/content/drive/MyDrive/progetto_immunogold/patches/images/SA-MAG_X6000_JEM-1400 Flash_22424_x224_y0.png,SA-MAG_X6000_JEM-1400 Flash_22424,classe_9,7,8,1,-1
/content/drive/MyDrive/progetto_immunogold/patches/images/SA-MAG_X6000_JEM-1400 Flash_22424_x224_y1120.png,SA-MAG_X6000_JEM-1400 Flash_22424,classe_9,13,6,7,7
/content/drive/MyDrive/progetto_immunogold/patches/images/SA-MAG_X6000_JEM-1400 Flash_22424_x224_y1344.png,SA-MAG_X6000_JEM-1400 Flash_22424,classe_9,34,30,4,4
/content/drive/MyDrive/progetto_immunogold/patches/images/SA-MAG_X6000_JEM-1400 Flash_22424_x224_y1568.png,SA-MAG_X6000_JEM-1400 Flash_22424,classe_9,23,23,0,0
/content/drive/MyDrive/progetto_immunogold/patches/images/SA-MAG_X6000_JEM-1400 Flash_22424_x224_y1792.png,SA-MAG_X6000_JEM-1400 Flash_22424,classe_9,9,6,3,3
/content/drive/MyDrive/progetto_immunogold/patches/images/SA-MAG_X6000_JEM-1400 Flash_22424_x224_y224.png,SA-MAG_X6000_JEM-1400 Flash_22424,classe_9,13,20,7,-7
/content/drive/MyDrive/progetto_immunogold/patches/images/SA-MAG_X6000_JEM-1400 Flash_22424_x224_y448.png,SA-MAG_X6000_JEM-1400 Flash_22424,classe_9,10,17,7,-7
/content/drive/MyDrive/progetto_immunogold/patches/images/SA-MAG_X6000_JEM-1400 Flash_22424_x224_y672.png,SA-MAG_X6000_JEM-1400 Flash_22424,classe_9,34,39,5,-5
/content/drive/MyDrive/progetto_immunogold/patches/images/SA-MAG_X6000_JEM-1400 Flash_22424_x224_y896.png,SA-MAG_X6000_JEM-1400 Flash_22424,classe_9,36,34,2,2
/content/drive/MyDrive/progetto_immunogold/patches/images/SA-MAG_X6000_JEM-1400 Flash_22424_x448_y0.png,SA-MAG_X6000_JEM-1400 Flash_22424,classe_9,7,13,6,-6
/content/drive/MyDrive/progetto_immunogold/patches/images/SA-MAG_X6000_JEM-1400 Flash_22424_x448_y1120.png,SA-MAG_X6000_JEM-1400 Flash_22424,classe_9,19,9,10,10
/content/drive/MyDrive/progetto_immunogold/patches/images/SA-MAG_X6000_JEM-1400 Flash_22424_x448_y1344.png,SA-MAG_X6000_JEM-1400 Flash_22424,classe_9,27,33,6,-6
/content/drive/MyDrive/progetto_immunogold/patches/images/SA-MAG_X6000_JEM-1400 Flash_22424_x448_y1568.png,SA-MAG_X6000_JEM-1400 Flash_22424,classe_9,12,11,1,1
/content/drive/MyDrive/progetto_immunogold/patches/images/SA-MAG_X6000_JEM-1400 Flash_22424_x448_y1792.png,SA-MAG_X6000_JEM-1400 Flash_22424,classe_9,20,19,1,1
/content/drive/MyDrive/progetto_immunogold/patches/images/SA-MAG_X6000_JEM-1400 Flash_22424_x448_y224.png,SA-MAG_X6000_JEM-1400 Flash_22424,classe_9,15,13,2,2
/content/drive/MyDrive/progetto_immunogold/patches/images/SA-MAG_X6000_JEM-1400 Flash_22424_x448_y448.png,SA-MAG_X6000_JEM-1400 Flash_22424,classe_9,20,27,7,-7
/content/drive/MyDrive/progetto_immunogold/patches/images/SA-MAG_X6000_JEM-1400 Flash_22424_x448_y672.png,SA-MAG_X6000_JEM-1400 Flash_22424,classe_9,19,36,17,-17
/content/drive/MyDrive/progetto_immunogold/patches/images/SA-MAG_X6000_JEM-1400 Flash_22424_x448_y896.png,SA-MAG_X6000_JEM-1400 Flash_22424,classe_9,23,19,4,4
/content/drive/MyDrive/progetto_immunogold/patches/images/SA-MAG_X6000_JEM-1400 Flash_22424_x672_y0.png,SA-MAG_X6000_JEM-1400 Flash_22424,classe_9,11,10,1,1
/content/drive/MyDrive/progetto_immunogold/patches/images/SA-MAG_X6000_JEM-1400 Flash_22424_x672_y1120.png,SA-MAG_X6000_JEM-1400 Flash_22424,classe_9,26,52,26,-26
/content/drive/MyDrive/progetto_immunogold/patches/images/SA-MAG_X6000_JEM-1400 Flash_22424_x672_y1344.png,SA-MAG_X6000_JEM-1400 Flash_22424,classe_9,41,55,14,-14
/content/drive/MyDrive/progetto_immunogold/patches/images/SA-MAG_X6000_JEM-1400 Flash_22424_x672_y1568.png,SA-MAG_X6000_JEM-1400 Flash_22424,classe_9,15,14,1,1
/content/drive/MyDrive/progetto_immunogold/patches/images/SA-MAG_X6000_JEM-1400 Flash_22424_x672_y1792.png,SA-MAG_X6000_JEM-1400 Flash_22424,classe_9,24,19,5,5
/content/drive/MyDrive/progetto_immunogold/patches/images/SA-MAG_X6000_JEM-1400 Flash_22424_x672_y224.png,SA-MAG_X6000_JEM-1400 Flash_22424,classe_9,10,14,4,-4
/content/drive/MyDrive/progetto_immunogold/patches/images/SA-MAG_X6000_JEM-1400 Flash_22424_x672_y448.png,SA-MAG_X6000_JEM-1400 Flash_22424,classe_9,19,21,2,-2
/content/drive/MyDrive/progetto_immunogold/patches/images/SA-MAG_X6000_JEM-1400 Flash_22424_x672_y672.png,SA-MAG_X6000_JEM-1400 Flash_22424,classe_9,16,27,11,-11
/content/drive/MyDrive/progetto_immunogold/patches/images/SA-MAG_X6000_JEM-1400 Flash_22424_x672_y896.png,SA-MAG_X6000_JEM-1400 Flash_22424,classe_9,18,18,0,0
/content/drive/MyDrive/progetto_immunogold/patches/images/SA-MAG_X6000_JEM-1400 Flash_22424_x896_y0.png,SA-MAG_X6000_JEM-1400 Flash_22424,classe_9,14,7,7,7
/content/drive/MyDrive/progetto_immunogold/patches/images/SA-MAG_X6000_JEM-1400 Flash_22424_x896_y1120.png,SA-MAG_X6000_JEM-1400 Flash_22424,classe_9,58,67,9,-9
/content/drive/MyDrive/progetto_immunogold/patches/images/SA-MAG_X6000_JEM-1400 Flash_22424_x896_y1344.png,SA-MAG_X6000_JEM-1400 Flash_22424,classe_9,34,25,9,9
/content/drive/MyDrive/progetto_immunogold/patches/images/SA-MAG_X6000_JEM-1400 Flash_22424_x896_y1568.png,SA-MAG_X6000_JEM-1400 Flash_22424,classe_9,19,16,3,3
/content/drive/MyDrive/progetto_immunogold/patches/images/SA-MAG_X6000_JEM-1400 Flash_22424_x896_y1792.png,SA-MAG_X6000_JEM-1400 Flash_22424,classe_9,6,4,2,2
/content/drive/MyDrive/progetto_immunogold/patches/images/SA-MAG_X6000_JEM-1400 Flash_22424_x896_y224.png,SA-MAG_X6000_JEM-1400 Flash_22424,classe_9,9,8,1,1
/content/drive/MyDrive/progetto_immunogold/patches/images/SA-MAG_X6000_JEM-1400 Flash_22424_x896_y448.png,SA-MAG_X6000_JEM-1400 Flash_22424,classe_9,15,16,1,-1
/content/drive/MyDrive/progetto_immunogold/patches/images/SA-MAG_X6000_JEM-1400 Flash_22424_x896_y672.png,SA-MAG_X6000_JEM-1400 Flash_22424,classe_9,22,27,5,-5
/content/drive/MyDrive/progetto_immunogold/patches/images/SA-MAG_X6000_JEM-1400 Flash_22424_x896_y896.png,SA-MAG_X6000_JEM-1400 Flash_22424,classe_9,38,30,8,8
