filename,filepath,esperimento,gruppo_ingrandimento,nm_per_pixel,classe_calibrazione
SA-MAG_X8000_JEM-1400 Flash_22612.jpg,06_08_26_U87KO_Immunogold_Ida/1000nm_gruppoA/SA-MAG_X8000_JEM-1400 Flash_22612.jpg,06_08_26_U87KO_Immunogold_Ida,1000nm_gruppoA,2.11,classe_8
SA-MAG_X20k_JEM-1400 Flash_22614.jpg,06_08_26_U87KO_Immunogold_Ida/200nm_gruppoA/SA-MAG_X20k_JEM-1400 Flash_22614.jpg,06_08_26_U87KO_Immunogold_Ida,200nm_gruppoA,0.845,classe_4
SA-MAG_X20k_JEM-1400 Flash_22620.jpg,06_08_26_U87KO_Immunogold_Ida/200nm_gruppoA/SA-MAG_X20k_JEM-1400 Flash_22620.jpg,06_08_26_U87KO_Immunogold_Ida,200nm_gruppoA,0.845,classe_4
SA-MAG_X20k_JEM-1400 Flash_22621.jpg,06_08_26_U87KO_Immunogold_Ida/200nm_gruppoA/SA-MAG_X20k_JEM-1400 Flash_22621.jpg,06_08_26_U87KO_Immunogold_Ida,200nm_gruppoA,0.845,classe_4
SA-MAG_X20k_JEM-1400 Flash_22622.jpg,06_08_26_U87KO_Immunogold_Ida/200nm_gruppoA/SA-MAG_X20k_JEM-1400 Flash_22622.jpg,06_08_26_U87KO_Immunogold_Ida,200nm_gruppoA,0.845,classe_4
SA-MAG_X20k_JEM-1400 Flash_22623.jpg,06_08_26_U87KO_Immunogold_Ida/200nm_gruppoA/SA-MAG_X20k_JEM-1400 Flash_22623.jpg,06_08_26_U87KO_Immunogold_Ida,200nm_gruppoA,0.845,classe_4
SA-MAG_X20k_JEM-1400 Flash_22624.jpg,06_08_26_U87KO_Immunogold_Ida/200nm_gruppoA/SA-MAG_X20k_JEM-1400 Flash_22624.jpg,06_08_26_U87KO_Immunogold_Ida,200nm_gruppoA,0.845,classe_4
SA-MAG_X20k_JEM-1400 Flash_22625.jpg,06_08_26_U87KO_Immunogold_Ida/200nm_gruppoA/SA-MAG_X20k_JEM-1400 Flash_22625.jpg,06_08_26_U87KO_Immunogold_Ida,200nm_gruppoA,0.845,classe_4
SA-MAG_X20k_JEM-1400 Flash_22626.jpg,06_08_26_U87KO_Immunogold_Ida/200nm_gruppoA/SA-MAG_X20k_JEM-1400 Flash_22626.jpg,06_08_26_U87KO_Immunogold_Ida,200nm_gruppoA,0.845,classe_4
SA-MAG_X20k_JEM-1400 Flash_22627.jpg,06_08_26_U87KO_Immunogold_Ida/200nm_gruppoA/SA-MAG_X20k_JEM-1400 Flash_22627.jpg,06_08_26_U87KO_Immunogold_Ida,200nm_gruppoA,0.845,classe_4
SA-MAG_X20k_JEM-1400 Flash_22631.jpg,06_08_26_U87KO_Immunogold_Ida/200nm_gruppoA/SA-MAG_X20k_JEM-1400 Flash_22631.jpg,06_08_26_U87KO_Immunogold_Ida,200nm_gruppoA,0.845,classe_4
SA-MAG_X20k_JEM-1400 Flash_22633.jpg,06_08_26_U87KO_Immunogold_Ida/200nm_gruppoA/SA-MAG_X20k_JEM-1400 Flash_22633.jpg,06_08_26_U87KO_Immunogold_Ida,200nm_gruppoA,0.845,classe_4
SA-MAG_X20k_JEM-1400 Flash_22634.jpg,06_08_26_U87KO_Immunogold_Ida/200nm_gruppoA/SA-MAG_X20k_JEM-1400 Flash_22634.jpg,06_08_26_U87KO_Immunogold_Ida,200nm_gruppoA,0.845,classe_4
SA-MAG_X20k_JEM-1400 Flash_22635.jpg,06_08_26_U87KO_Immunogold_Ida/200nm_gruppoA/SA-MAG_X20k_JEM-1400 Flash_22635.jpg,06_08_26_U87KO_Immunogold_Ida,200nm_gruppoA,0.845,classe_4
SA-MAG_X20k_JEM-1400 Flash_22636.jpg,06_08_26_U87KO_Immunogold_Ida/200nm_gruppoA/SA-MAG_X20k_JEM-1400 Flash_22636.jpg,06_08_26_U87KO_Immunogold_Ida,200nm_gruppoA,0.845,classe_4
SA-MAG_X20k_JEM-1400 Flash_22637.jpg,06_08_26_U87KO_Immunogold_Ida/200nm_gruppoA/SA-MAG_X20k_JEM-1400 Flash_22637.jpg,06_08_26_U87KO_Immunogold_Ida,200nm_gruppoA,0.845,classe_4
SA-MAG_X20k_JEM-1400 Flash_22638.jpg,06_08_26_U87KO_Immunogold_Ida/200nm_gruppoA/SA-MAG_X20k_JEM-1400 Flash_22638.jpg,06_08_26_U87KO_Immunogold_Ida,200nm_gruppoA,0.845,classe_4
SA-MAG_X20k_JEM-1400 Flash_22650.jpg,06_08_26_U87KO_Immunogold_Ida/200nm_gruppoA/SA-MAG_X20k_JEM-1400 Flash_22650.jpg,06_08_26_U87KO_Immunogold_Ida,200nm_gruppoA,0.845,classe_4
SA-MAG_X20k_JEM-1400 Flash_22651.jpg,06_08_26_U87KO_Immunogold_Ida/200nm_gruppoA/SA-MAG_X20k_JEM-1400 Flash_22651.jpg,06_08_26_U87KO_Immunogold_Ida,200nm_gruppoA,0.845,classe_4
SA-MAG_X20k_JEM-1400 Flash_22652.jpg,06_08_26_U87KO_Immunogold_Ida/200nm_gruppoA/SA-MAG_X20k_JEM-1400 Flash_22652.jpg,06_08_26_U87KO_Immunogold_Ida,200nm_gruppoA,0.845,classe_4
SA-MAG_X25k_JEM-1400 Flash_22639.jpg,06_08_26_U87KO_Immunogold_Ida/200nm_gruppoB/SA-MAG_X25k_JEM-1400 Flash_22639.jpg,06_08_26_U87KO_Immunogold_Ida,200nm_gruppoB,0.67,classe_3
SA-MAG_X25k_JEM-1400 Flash_22640.jpg,06_08_26_U87KO_Immunogold_Ida/200nm_gruppoB/SA-MAG_X25k_JEM-1400 Flash_22640.jpg,06_08_26_U87KO_Immunogold_Ida,200nm_gruppoB,0.67,classe_3
SA-MAG_X30k_JEM-1400 Flash_22641.jpg,06_08_26_U87KO_Immunogold_Ida/200nm_gruppoC/SA-MAG_X30k_JEM-1400 Flash_22641.jpg,06_08_26_U87KO_Immunogold_Ida,200nm_gruppoC,0.56,classe_2
SA-MAG_X30k_JEM-1400 Flash_22642.jpg,06_08_26_U87KO_Immunogold_Ida/200nm_gruppoC/SA-MAG_X30k_JEM-1400 Flash_22642.jpg,06_08_26_U87KO_Immunogold_Ida,200nm_gruppoC,0.56,classe_2
SA-MAG_X30k_JEM-1400 Flash_22643.jpg,06_08_26_U87KO_Immunogold_Ida/200nm_gruppoC/SA-MAG_X30k_JEM-1400 Flash_22643.jpg,06_08_26_U87KO_Immunogold_Ida,200nm_gruppoC,0.56,classe_2
SA-MAG_X30k_JEM-1400 Flash_22644.jpg,06_08_26_U87KO_Immunogold_Ida/200nm_gruppoC/SA-MAG_X30k_JEM-1400 Flash_22644.jpg,06_08_26_U87KO_Immunogold_Ida,200nm_gruppoC,0.56,classe_2
SA-MAG_X30k_JEM-1400 Flash_22645.jpg,06_08_26_U87KO_Immunogold_Ida/200nm_gruppoC/SA-MAG_X30k_JEM-1400 Flash_22645.jpg,06_08_26_U87KO_Immunogold_Ida,200nm_gruppoC,0.56,classe_2
SA-MAG_X30k_JEM-1400 Flash_22646.jpg,06_08_26_U87KO_Immunogold_Ida/200nm_gruppoC/SA-MAG_X30k_JEM-1400 Flash_22646.jpg,06_08_26_U87KO_Immunogold_Ida,200nm_gruppoC,0.56,classe_2
SA-MAG_X15k_JEM-1400 Flash_22613.jpg,06_08_26_U87KO_Immunogold_Ida/500nm_gruppoA/SA-MAG_X15k_JEM-1400 Flash_22613.jpg,06_08_26_U87KO_Immunogold_Ida,500nm_gruppoA,1.125,classe_5
SA-MAG_X15k_JEM-1400 Flash_22615.jpg,06_08_26_U87KO_Immunogold_Ida/500nm_gruppoA/SA-MAG_X15k_JEM-1400 Flash_22615.jpg,06_08_26_U87KO_Immunogold_Ida,500nm_gruppoA,1.125,classe_5
SA-MAG_X15k_JEM-1400 Flash_22616.jpg,06_08_26_U87KO_Immunogold_Ida/500nm_gruppoA/SA-MAG_X15k_JEM-1400 Flash_22616.jpg,06_08_26_U87KO_Immunogold_Ida,500nm_gruppoA,1.125,classe_5
SA-MAG_X15k_JEM-1400 Flash_22617.jpg,06_08_26_U87KO_Immunogold_Ida/500nm_gruppoA/SA-MAG_X15k_JEM-1400 Flash_22617.jpg,06_08_26_U87KO_Immunogold_Ida,500nm_gruppoA,1.125,classe_5
SA-MAG_X15k_JEM-1400 Flash_22618.jpg,06_08_26_U87KO_Immunogold_Ida/500nm_gruppoA/SA-MAG_X15k_JEM-1400 Flash_22618.jpg,06_08_26_U87KO_Immunogold_Ida,500nm_gruppoA,1.125,classe_5
SA-MAG_X15k_JEM-1400 Flash_22619.jpg,06_08_26_U87KO_Immunogold_Ida/500nm_gruppoA/SA-MAG_X15k_JEM-1400 Flash_22619.jpg,06_08_26_U87KO_Immunogold_Ida,500nm_gruppoA,1.125,classe_5
SA-MAG_X15k_JEM-1400 Flash_22630.jpg,06_08_26_U87KO_Immunogold_Ida/500nm_gruppoA/SA-MAG_X15k_JEM-1400 Flash_22630.jpg,06_08_26_U87KO_Immunogold_Ida,500nm_gruppoA,1.125,classe_5
SA-MAG_X15k_JEM-1400 Flash_22632.jpg,06_08_26_U87KO_Immunogold_Ida/500nm_gruppoA/SA-MAG_X15k_JEM-1400 Flash_22632.jpg,06_08_26_U87KO_Immunogold_Ida,500nm_gruppoA,1.125,classe_5
SA-MAG_X15k_JEM-1400 Flash_22647.jpg,06_08_26_U87KO_Immunogold_Ida/500nm_gruppoA/SA-MAG_X15k_JEM-1400 Flash_22647.jpg,06_08_26_U87KO_Immunogold_Ida,500nm_gruppoA,1.125,classe_5
SA-MAG_X15k_JEM-1400 Flash_22648.jpg,06_08_26_U87KO_Immunogold_Ida/500nm_gruppoA/SA-MAG_X15k_JEM-1400 Flash_22648.jpg,06_08_26_U87KO_Immunogold_Ida,500nm_gruppoA,1.125,classe_5
SA-MAG_X15k_JEM-1400 Flash_22649.jpg,06_08_26_U87KO_Immunogold_Ida/500nm_gruppoA/SA-MAG_X15k_JEM-1400 Flash_22649.jpg,06_08_26_U87KO_Immunogold_Ida,500nm_gruppoA,1.125,classe_5
SA-MAG_X10k_JEM-1400 Flash_22628.jpg,06_08_26_U87KO_Immunogold_Ida/500nm_gruppoB/SA-MAG_X10k_JEM-1400 Flash_22628.jpg,06_08_26_U87KO_Immunogold_Ida,500nm_gruppoB,1.6799999999999997,classe_7
SA-MAG_X10k_JEM-1400 Flash_22629.jpg,06_08_26_U87KO_Immunogold_Ida/500nm_gruppoB/SA-MAG_X10k_JEM-1400 Flash_22629.jpg,06_08_26_U87KO_Immunogold_Ida,500nm_gruppoB,1.6799999999999997,classe_7
SA-MAG_X8000_JEM-1400 Flash_22445.jpg,09_07_26_U87WT_Immunogold_Ida/1000nm_gruppoA/SA-MAG_X8000_JEM-1400 Flash_22445.jpg,09_07_26_U87WT_Immunogold_Ida,1000nm_gruppoA,2.11,classe_8
SA-MAG_X6000_JEM-1400 Flash_22424.jpg,09_07_26_U87WT_Immunogold_Ida/1000nm_gruppoB/SA-MAG_X6000_JEM-1400 Flash_22424.jpg,09_07_26_U87WT_Immunogold_Ida,1000nm_gruppoB,2.82,classe_9
SA-MAG_X3000_JEM-1400 Flash_22441.jpg,09_07_26_U87WT_Immunogold_Ida/2000nm_gruppoA/SA-MAG_X3000_JEM-1400 Flash_22441.jpg,09_07_26_U87WT_Immunogold_Ida,2000nm_gruppoA,5.63,classe_10
SA-MAG_X3000_JEM-1400 Flash_22442.jpg,09_07_26_U87WT_Immunogold_Ida/2000nm_gruppoA/SA-MAG_X3000_JEM-1400 Flash_22442.jpg,09_07_26_U87WT_Immunogold_Ida,2000nm_gruppoA,5.63,classe_10
SA-MAG_X20k_JEM-1400 Flash_22435.jpg,09_07_26_U87WT_Immunogold_Ida/200nm_gruppoA/SA-MAG_X20k_JEM-1400 Flash_22435.jpg,09_07_26_U87WT_Immunogold_Ida,200nm_gruppoA,0.845,classe_4
SA-MAG_X20k_JEM-1400 Flash_22446.jpg,09_07_26_U87WT_Immunogold_Ida/200nm_gruppoA/SA-MAG_X20k_JEM-1400 Flash_22446.jpg,09_07_26_U87WT_Immunogold_Ida,200nm_gruppoA,0.845,classe_4
SA-MAG_X20k_JEM-1400 Flash_22447.jpg,09_07_26_U87WT_Immunogold_Ida/200nm_gruppoA/SA-MAG_X20k_JEM-1400 Flash_22447.jpg,09_07_26_U87WT_Immunogold_Ida,200nm_gruppoA,0.845,classe_4
SA-MAG_X25k_JEM-1400 Flash_22433.jpg,09_07_26_U87WT_Immunogold_Ida/200nm_gruppoB/SA-MAG_X25k_JEM-1400 Flash_22433.jpg,09_07_26_U87WT_Immunogold_Ida,200nm_gruppoB,0.67,classe_3
SA-MAG_X25k_JEM-1400 Flash_22436.jpg,09_07_26_U87WT_Immunogold_Ida/200nm_gruppoB/SA-MAG_X25k_JEM-1400 Flash_22436.jpg,09_07_26_U87WT_Immunogold_Ida,200nm_gruppoB,0.67,classe_3
SA-MAG_X25k_JEM-1400 Flash_22437.jpg,09_07_26_U87WT_Immunogold_Ida/200nm_gruppoB/SA-MAG_X25k_JEM-1400 Flash_22437.jpg,09_07_26_U87WT_Immunogold_Ida,200nm_gruppoB,0.67,classe_3
SA-MAG_X25k_JEM-1400 Flash_22438.jpg,09_07_26_U87WT_Immunogold_Ida/200nm_gruppoB/SA-MAG_X25k_JEM-1400 Flash_22438.jpg,09_07_26_U87WT_Immunogold_Ida,200nm_gruppoB,0.67,classe_3
SA-MAG_X25k_JEM-1400 Flash_22439.jpg,09_07_26_U87WT_Immunogold_Ida/200nm_gruppoB/SA-MAG_X25k_JEM-1400 Flash_22439.jpg,09_07_26_U87WT_Immunogold_Ida,200nm_gruppoB,0.67,classe_3
SA-MAG_X25k_JEM-1400 Flash_22444.jpg,09_07_26_U87WT_Immunogold_Ida/200nm_gruppoB/SA-MAG_X25k_JEM-1400 Flash_22444.jpg,09_07_26_U87WT_Immunogold_Ida,200nm_gruppoB,0.67,classe_3
SA-MAG_X30k_JEM-1400 Flash_22425.jpg,09_07_26_U87WT_Immunogold_Ida/200nm_gruppoC/SA-MAG_X30k_JEM-1400 Flash_22425.jpg,09_07_26_U87WT_Immunogold_Ida,200nm_gruppoC,0.56,classe_2
SA-MAG_X30k_JEM-1400 Flash_22426.jpg,09_07_26_U87WT_Immunogold_Ida/200nm_gruppoC/SA-MAG_X30k_JEM-1400 Flash_22426.jpg,09_07_26_U87WT_Immunogold_Ida,200nm_gruppoC,0.56,classe_2
SA-MAG_X30k_JEM-1400 Flash_22434.jpg,09_07_26_U87WT_Immunogold_Ida/200nm_gruppoC/SA-MAG_X30k_JEM-1400 Flash_22434.jpg,09_07_26_U87WT_Immunogold_Ida,200nm_gruppoC,0.56,classe_2
SA-MAG_X10k_JEM-1400 Flash_22421.jpg,09_07_26_U87WT_Immunogold_Ida/500nm_gruppoA/SA-MAG_X10k_JEM-1400 Flash_22421.jpg,09_07_26_U87WT_Immunogold_Ida,500nm_gruppoA,1.6799999999999997,classe_7
SA-MAG_X10k_JEM-1400 Flash_22430.jpg,09_07_26_U87WT_Immunogold_Ida/500nm_gruppoA/SA-MAG_X10k_JEM-1400 Flash_22430.jpg,09_07_26_U87WT_Immunogold_Ida,500nm_gruppoA,1.6799999999999997,classe_7
SA-MAG_X10k_JEM-1400 Flash_22440.jpg,09_07_26_U87WT_Immunogold_Ida/500nm_gruppoA/SA-MAG_X10k_JEM-1400 Flash_22440.jpg,09_07_26_U87WT_Immunogold_Ida,500nm_gruppoA,1.6799999999999997,classe_7
SA-MAG_X12k_JEM-1400 Flash_22422.jpg,09_07_26_U87WT_Immunogold_Ida/500nm_gruppoB/SA-MAG_X12k_JEM-1400 Flash_22422.jpg,09_07_26_U87WT_Immunogold_Ida,500nm_gruppoB,1.4049999999999998,classe_6
SA-MAG_X12k_JEM-1400 Flash_22423.jpg,09_07_26_U87WT_Immunogold_Ida/500nm_gruppoB/SA-MAG_X12k_JEM-1400 Flash_22423.jpg,09_07_26_U87WT_Immunogold_Ida,500nm_gruppoB,1.4049999999999998,classe_6
SA-MAG_X12k_JEM-1400 Flash_22429.jpg,09_07_26_U87WT_Immunogold_Ida/500nm_gruppoB/SA-MAG_X12k_JEM-1400 Flash_22429.jpg,09_07_26_U87WT_Immunogold_Ida,500nm_gruppoB,1.4049999999999998,classe_6
SA-MAG_X15k_JEM-1400 Flash_22427.jpg,09_07_26_U87WT_Immunogold_Ida/500nm_gruppoC/SA-MAG_X15k_JEM-1400 Flash_22427.jpg,09_07_26_U87WT_Immunogold_Ida,500nm_gruppoC,1.125,classe_5
SA-MAG_X15k_JEM-1400 Flash_22428.jpg,09_07_26_U87WT_Immunogold_Ida/500nm_gruppoC/SA-MAG_X15k_JEM-1400 Flash_22428.jpg,09_07_26_U87WT_Immunogold_Ida,500nm_gruppoC,1.125,classe_5
SA-MAG_X15k_JEM-1400 Flash_22431.jpg,09_07_26_U87WT_Immunogold_Ida/500nm_gruppoC/SA-MAG_X15k_JEM-1400 Flash_22431.jpg,09_07_26_U87WT_Immunogold_Ida,500nm_gruppoC,1.125,classe_5
SA-MAG_X15k_JEM-1400 Flash_22432.jpg,09_07_26_U87WT_Immunogold_Ida/500nm_gruppoC/SA-MAG_X15k_JEM-1400 Flash_22432.jpg,09_07_26_U87WT_Immunogold_Ida,500nm_gruppoC,1.125,classe_5
SA-MAG_X15k_JEM-1400 Flash_22443.jpg,09_07_26_U87WT_Immunogold_Ida/500nm_gruppoC/SA-MAG_X15k_JEM-1400 Flash_22443.jpg,09_07_26_U87WT_Immunogold_Ida,500nm_gruppoC,1.125,classe_5
SA-MAG_X6000_JEM-1400 Flash_22467.jpg,10_07_26_U87KO_Immunogold_Ida/1000nm_gruppoA/SA-MAG_X6000_JEM-1400 Flash_22467.jpg,10_07_26_U87KO_Immunogold_Ida,1000nm_gruppoA,2.82,classe_9
SA-MAG_X10k_JEM-1400 Flash_22468.jpg,10_07_26_U87KO_Immunogold_Ida/500nm_gruppoA/SA-MAG_X10k_JEM-1400 Flash_22468.jpg,10_07_26_U87KO_Immunogold_Ida,500nm_gruppoA,1.6799999999999997,classe_7
SA-MAG_X10k_JEM-1400 Flash_22469.jpg,10_07_26_U87KO_Immunogold_Ida/500nm_gruppoA/SA-MAG_X10k_JEM-1400 Flash_22469.jpg,10_07_26_U87KO_Immunogold_Ida,500nm_gruppoA,1.6799999999999997,classe_7
SA-MAG_X10k_JEM-1400 Flash_22470.jpg,10_07_26_U87KO_Immunogold_Ida/500nm_gruppoA/SA-MAG_X10k_JEM-1400 Flash_22470.jpg,10_07_26_U87KO_Immunogold_Ida,500nm_gruppoA,1.6799999999999997,classe_7
SA-MAG_X10k_JEM-1400 Flash_22473.jpg,10_07_26_U87KO_Immunogold_Ida/500nm_gruppoA/SA-MAG_X10k_JEM-1400 Flash_22473.jpg,10_07_26_U87KO_Immunogold_Ida,500nm_gruppoA,1.6799999999999997,classe_7
SA-MAG_X10k_JEM-1400 Flash_22474.jpg,10_07_26_U87KO_Immunogold_Ida/500nm_gruppoA/SA-MAG_X10k_JEM-1400 Flash_22474.jpg,10_07_26_U87KO_Immunogold_Ida,500nm_gruppoA,1.6799999999999997,classe_7
SA-MAG_X10k_JEM-1400 Flash_22475.jpg,10_07_26_U87KO_Immunogold_Ida/500nm_gruppoA/SA-MAG_X10k_JEM-1400 Flash_22475.jpg,10_07_26_U87KO_Immunogold_Ida,500nm_gruppoA,1.6799999999999997,classe_7
SA-MAG_X10k_JEM-1400 Flash_22476.jpg,10_07_26_U87KO_Immunogold_Ida/500nm_gruppoA/SA-MAG_X10k_JEM-1400 Flash_22476.jpg,10_07_26_U87KO_Immunogold_Ida,500nm_gruppoA,1.6799999999999997,classe_7
SA-MAG_X10k_JEM-1400 Flash_22477.jpg,10_07_26_U87KO_Immunogold_Ida/500nm_gruppoA/SA-MAG_X10k_JEM-1400 Flash_22477.jpg,10_07_26_U87KO_Immunogold_Ida,500nm_gruppoA,1.6799999999999997,classe_7
SA-MAG_X10k_JEM-1400 Flash_22479.jpg,10_07_26_U87KO_Immunogold_Ida/500nm_gruppoA/SA-MAG_X10k_JEM-1400 Flash_22479.jpg,10_07_26_U87KO_Immunogold_Ida,500nm_gruppoA,1.6799999999999997,classe_7
SA-MAG_X10k_JEM-1400 Flash_22480.jpg,10_07_26_U87KO_Immunogold_Ida/500nm_gruppoA/SA-MAG_X10k_JEM-1400 Flash_22480.jpg,10_07_26_U87KO_Immunogold_Ida,500nm_gruppoA,1.6799999999999997,classe_7
SA-MAG_X10k_JEM-1400 Flash_22481.jpg,10_07_26_U87KO_Immunogold_Ida/500nm_gruppoA/SA-MAG_X10k_JEM-1400 Flash_22481.jpg,10_07_26_U87KO_Immunogold_Ida,500nm_gruppoA,1.6799999999999997,classe_7
SA-MAG_X10k_JEM-1400 Flash_22483.jpg,10_07_26_U87KO_Immunogold_Ida/500nm_gruppoA/SA-MAG_X10k_JEM-1400 Flash_22483.jpg,10_07_26_U87KO_Immunogold_Ida,500nm_gruppoA,1.6799999999999997,classe_7
SA-MAG_X12k_JEM-1400 Flash_22471.jpg,10_07_26_U87KO_Immunogold_Ida/500nm_gruppoB/SA-MAG_X12k_JEM-1400 Flash_22471.jpg,10_07_26_U87KO_Immunogold_Ida,500nm_gruppoB,1.4049999999999998,classe_6
SA-MAG_X12k_JEM-1400 Flash_22484.jpg,10_07_26_U87KO_Immunogold_Ida/500nm_gruppoB/SA-MAG_X12k_JEM-1400 Flash_22484.jpg,10_07_26_U87KO_Immunogold_Ida,500nm_gruppoB,1.4049999999999998,classe_6
SA-MAG_X15k_JEM-1400 Flash_22472.jpg,10_07_26_U87KO_Immunogold_Ida/500nm_gruppoC/SA-MAG_X15k_JEM-1400 Flash_22472.jpg,10_07_26_U87KO_Immunogold_Ida,500nm_gruppoC,1.125,classe_5
SA-MAG_X15k_JEM-1400 Flash_22478.jpg,10_07_26_U87KO_Immunogold_Ida/500nm_gruppoC/SA-MAG_X15k_JEM-1400 Flash_22478.jpg,10_07_26_U87KO_Immunogold_Ida,500nm_gruppoC,1.125,classe_5
SA-MAG_X15k_JEM-1400 Flash_22482.jpg,10_07_26_U87KO_Immunogold_Ida/500nm_gruppoC/SA-MAG_X15k_JEM-1400 Flash_22482.jpg,10_07_26_U87KO_Immunogold_Ida,500nm_gruppoC,1.125,classe_5
SA-MAG_X20k_JEM-1400 Flash_22575.jpg,28_07_26_U87WT_Immunogold_Ida/200nm_gruppoA/SA-MAG_X20k_JEM-1400 Flash_22575.jpg,28_07_26_U87WT_Immunogold_Ida,200nm_gruppoA,0.845,classe_4
SA-MAG_X20k_JEM-1400 Flash_22576.jpg,28_07_26_U87WT_Immunogold_Ida/200nm_gruppoA/SA-MAG_X20k_JEM-1400 Flash_22576.jpg,28_07_26_U87WT_Immunogold_Ida,200nm_gruppoA,0.845,classe_4
SA-MAG_X20k_JEM-1400 Flash_22577.jpg,28_07_26_U87WT_Immunogold_Ida/200nm_gruppoA/SA-MAG_X20k_JEM-1400 Flash_22577.jpg,28_07_26_U87WT_Immunogold_Ida,200nm_gruppoA,0.845,classe_4
SA-MAG_X20k_JEM-1400 Flash_22581.jpg,28_07_26_U87WT_Immunogold_Ida/200nm_gruppoA/SA-MAG_X20k_JEM-1400 Flash_22581.jpg,28_07_26_U87WT_Immunogold_Ida,200nm_gruppoA,0.845,classe_4
SA-MAG_X20k_JEM-1400 Flash_22583.jpg,28_07_26_U87WT_Immunogold_Ida/200nm_gruppoA/SA-MAG_X20k_JEM-1400 Flash_22583.jpg,28_07_26_U87WT_Immunogold_Ida,200nm_gruppoA,0.845,classe_4
SA-MAG_X20k_JEM-1400 Flash_22584.jpg,28_07_26_U87WT_Immunogold_Ida/200nm_gruppoA/SA-MAG_X20k_JEM-1400 Flash_22584.jpg,28_07_26_U87WT_Immunogold_Ida,200nm_gruppoA,0.845,classe_4
SA-MAG_X20k_JEM-1400 Flash_22586.jpg,28_07_26_U87WT_Immunogold_Ida/200nm_gruppoA/SA-MAG_X20k_JEM-1400 Flash_22586.jpg,28_07_26_U87WT_Immunogold_Ida,200nm_gruppoA,0.845,classe_4
SA-MAG_X20k_JEM-1400 Flash_22587.jpg,28_07_26_U87WT_Immunogold_Ida/200nm_gruppoA/SA-MAG_X20k_JEM-1400 Flash_22587.jpg,28_07_26_U87WT_Immunogold_Ida,200nm_gruppoA,0.845,classe_4
SA-MAG_X20k_JEM-1400 Flash_22588.jpg,28_07_26_U87WT_Immunogold_Ida/200nm_gruppoA/SA-MAG_X20k_JEM-1400 Flash_22588.jpg,28_07_26_U87WT_Immunogold_Ida,200nm_gruppoA,0.845,classe_4
SA-MAG_X20k_JEM-1400 Flash_22590.jpg,28_07_26_U87WT_Immunogold_Ida/200nm_gruppoA/SA-MAG_X20k_JEM-1400 Flash_22590.jpg,28_07_26_U87WT_Immunogold_Ida,200nm_gruppoA,0.845,classe_4
SA-MAG_X20k_JEM-1400 Flash_22591.jpg,28_07_26_U87WT_Immunogold_Ida/200nm_gruppoA/SA-MAG_X20k_JEM-1400 Flash_22591.jpg,28_07_26_U87WT_Immunogold_Ida,200nm_gruppoA,0.845,classe_4
SA-MAG_X20k_JEM-1400 Flash_22592.jpg,28_07_26_U87WT_Immunogold_Ida/200nm_gruppoA/SA-MAG_X20k_JEM-1400 Flash_22592.jpg,28_07_26_U87WT_Immunogold_Ida,200nm_gruppoA,0.845,classe_4
SA-MAG_X20k_JEM-1400 Flash_22600.jpg,28_07_26_U87WT_Immunogold_Ida/200nm_gruppoA/SA-MAG_X20k_JEM-1400 Flash_22600.jpg,28_07_26_U87WT_Immunogold_Ida,200nm_gruppoA,0.845,classe_4
SA-MAG_X20k_JEM-1400 Flash_22603.jpg,28_07_26_U87WT_Immunogold_Ida/200nm_gruppoA/SA-MAG_X20k_JEM-1400 Flash_22603.jpg,28_07_26_U87WT_Immunogold_Ida,200nm_gruppoA,0.845,classe_4
SA-MAG_X20k_JEM-1400 Flash_22606.jpg,28_07_26_U87WT_Immunogold_Ida/200nm_gruppoA/SA-MAG_X20k_JEM-1400 Flash_22606.jpg,28_07_26_U87WT_Immunogold_Ida,200nm_gruppoA,0.845,classe_4
SA-MAG_X20k_JEM-1400 Flash_22607.jpg,28_07_26_U87WT_Immunogold_Ida/200nm_gruppoA/SA-MAG_X20k_JEM-1400 Flash_22607.jpg,28_07_26_U87WT_Immunogold_Ida,200nm_gruppoA,0.845,classe_4
SA-MAG_X20k_JEM-1400 Flash_22611.jpg,28_07_26_U87WT_Immunogold_Ida/200nm_gruppoA/SA-MAG_X20k_JEM-1400 Flash_22611.jpg,28_07_26_U87WT_Immunogold_Ida,200nm_gruppoA,0.845,classe_4
SA-MAG_X25k_JEM-1400 Flash_22556.jpg,28_07_26_U87WT_Immunogold_Ida/200nm_gruppoB/SA-MAG_X25k_JEM-1400 Flash_22556.jpg,28_07_26_U87WT_Immunogold_Ida,200nm_gruppoB,0.67,classe_3
SA-MAG_X25k_JEM-1400 Flash_22557.jpg,28_07_26_U87WT_Immunogold_Ida/200nm_gruppoB/SA-MAG_X25k_JEM-1400 Flash_22557.jpg,28_07_26_U87WT_Immunogold_Ida,200nm_gruppoB,0.67,classe_3
SA-MAG_X25k_JEM-1400 Flash_22558.jpg,28_07_26_U87WT_Immunogold_Ida/200nm_gruppoB/SA-MAG_X25k_JEM-1400 Flash_22558.jpg,28_07_26_U87WT_Immunogold_Ida,200nm_gruppoB,0.67,classe_3
SA-MAG_X25k_JEM-1400 Flash_22559.jpg,28_07_26_U87WT_Immunogold_Ida/200nm_gruppoB/SA-MAG_X25k_JEM-1400 Flash_22559.jpg,28_07_26_U87WT_Immunogold_Ida,200nm_gruppoB,0.67,classe_3
SA-MAG_X25k_JEM-1400 Flash_22560.jpg,28_07_26_U87WT_Immunogold_Ida/200nm_gruppoB/SA-MAG_X25k_JEM-1400 Flash_22560.jpg,28_07_26_U87WT_Immunogold_Ida,200nm_gruppoB,0.67,classe_3
SA-MAG_X25k_JEM-1400 Flash_22564.jpg,28_07_26_U87WT_Immunogold_Ida/200nm_gruppoB/SA-MAG_X25k_JEM-1400 Flash_22564.jpg,28_07_26_U87WT_Immunogold_Ida,200nm_gruppoB,0.67,classe_3
SA-MAG_X25k_JEM-1400 Flash_22568.jpg,28_07_26_U87WT_Immunogold_Ida/200nm_gruppoB/SA-MAG_X25k_JEM-1400 Flash_22568.jpg,28_07_26_U87WT_Immunogold_Ida,200nm_gruppoB,0.67,classe_3
SA-MAG_X25k_JEM-1400 Flash_22580.jpg,28_07_26_U87WT_Immunogold_Ida/200nm_gruppoB/SA-MAG_X25k_JEM-1400 Flash_22580.jpg,28_07_26_U87WT_Immunogold_Ida,200nm_gruppoB,0.67,classe_3
SA-MAG_X25k_JEM-1400 Flash_22589.jpg,28_07_26_U87WT_Immunogold_Ida/200nm_gruppoB/SA-MAG_X25k_JEM-1400 Flash_22589.jpg,28_07_26_U87WT_Immunogold_Ida,200nm_gruppoB,0.67,classe_3
SA-MAG_X30k_JEM-1400 Flash_22561.jpg,28_07_26_U87WT_Immunogold_Ida/200nm_gruppoC/SA-MAG_X30k_JEM-1400 Flash_22561.jpg,28_07_26_U87WT_Immunogold_Ida,200nm_gruppoC,0.45,classe_1
SA-MAG_X30k_JEM-1400 Flash_22562.jpg,28_07_26_U87WT_Immunogold_Ida/200nm_gruppoC/SA-MAG_X30k_JEM-1400 Flash_22562.jpg,28_07_26_U87WT_Immunogold_Ida,200nm_gruppoC,0.45,classe_1
SA-MAG_X30k_JEM-1400 Flash_22569.jpg,28_07_26_U87WT_Immunogold_Ida/200nm_gruppoC/SA-MAG_X30k_JEM-1400 Flash_22569.jpg,28_07_26_U87WT_Immunogold_Ida,200nm_gruppoC,0.45,classe_1
SA-MAG_X30k_JEM-1400 Flash_22570.jpg,28_07_26_U87WT_Immunogold_Ida/200nm_gruppoC/SA-MAG_X30k_JEM-1400 Flash_22570.jpg,28_07_26_U87WT_Immunogold_Ida,200nm_gruppoC,0.45,classe_1
SA-MAG_X30k_JEM-1400 Flash_22571.jpg,28_07_26_U87WT_Immunogold_Ida/200nm_gruppoC/SA-MAG_X30k_JEM-1400 Flash_22571.jpg,28_07_26_U87WT_Immunogold_Ida,200nm_gruppoC,0.45,classe_1
SA-MAG_X30k_JEM-1400 Flash_22578.jpg,28_07_26_U87WT_Immunogold_Ida/200nm_gruppoC/SA-MAG_X30k_JEM-1400 Flash_22578.jpg,28_07_26_U87WT_Immunogold_Ida,200nm_gruppoC,0.45,classe_1
SA-MAG_X30k_JEM-1400 Flash_22579.jpg,28_07_26_U87WT_Immunogold_Ida/200nm_gruppoC/SA-MAG_X30k_JEM-1400 Flash_22579.jpg,28_07_26_U87WT_Immunogold_Ida,200nm_gruppoC,0.45,classe_1
SA-MAG_X12k_JEM-1400 Flash_22593.jpg,28_07_26_U87WT_Immunogold_Ida/500nm_gruppoA/SA-MAG_X12k_JEM-1400 Flash_22593.jpg,28_07_26_U87WT_Immunogold_Ida,500nm_gruppoA,1.4049999999999998,classe_6
SA-MAG_X15k_JEM-1400 Flash_22554.jpg,28_07_26_U87WT_Immunogold_Ida/500nm_gruppoB/SA-MAG_X15k_JEM-1400 Flash_22554.jpg,28_07_26_U87WT_Immunogold_Ida,500nm_gruppoB,1.125,classe_5
SA-MAG_X15k_JEM-1400 Flash_22555.jpg,28_07_26_U87WT_Immunogold_Ida/500nm_gruppoB/SA-MAG_X15k_JEM-1400 Flash_22555.jpg,28_07_26_U87WT_Immunogold_Ida,500nm_gruppoB,1.125,classe_5
SA-MAG_X15k_JEM-1400 Flash_22563.jpg,28_07_26_U87WT_Immunogold_Ida/500nm_gruppoB/SA-MAG_X15k_JEM-1400 Flash_22563.jpg,28_07_26_U87WT_Immunogold_Ida,500nm_gruppoB,1.125,classe_5
SA-MAG_X15k_JEM-1400 Flash_22565.jpg,28_07_26_U87WT_Immunogold_Ida/500nm_gruppoB/SA-MAG_X15k_JEM-1400 Flash_22565.jpg,28_07_26_U87WT_Immunogold_Ida,500nm_gruppoB,1.125,classe_5
SA-MAG_X15k_JEM-1400 Flash_22566.jpg,28_07_26_U87WT_Immunogold_Ida/500nm_gruppoB/SA-MAG_X15k_JEM-1400 Flash_22566.jpg,28_07_26_U87WT_Immunogold_Ida,500nm_gruppoB,1.125,classe_5
SA-MAG_X15k_JEM-1400 Flash_22567.jpg,28_07_26_U87WT_Immunogold_Ida/500nm_gruppoB/SA-MAG_X15k_JEM-1400 Flash_22567.jpg,28_07_26_U87WT_Immunogold_Ida,500nm_gruppoB,1.125,classe_5
SA-MAG_X15k_JEM-1400 Flash_22572.jpg,28_07_26_U87WT_Immunogold_Ida/500nm_gruppoB/SA-MAG_X15k_JEM-1400 Flash_22572.jpg,28_07_26_U87WT_Immunogold_Ida,500nm_gruppoB,1.125,classe_5
SA-MAG_X15k_JEM-1400 Flash_22573.jpg,28_07_26_U87WT_Immunogold_Ida/500nm_gruppoB/SA-MAG_X15k_JEM-1400 Flash_22573.jpg,28_07_26_U87WT_Immunogold_Ida,500nm_gruppoB,1.125,classe_5
SA-MAG_X15k_JEM-1400 Flash_22574.jpg,28_07_26_U87WT_Immunogold_Ida/500nm_gruppoB/SA-MAG_X15k_JEM-1400 Flash_22574.jpg,28_07_26_U87WT_Immunogold_Ida,500nm_gruppoB,1.125,classe_5
SA-MAG_X15k_JEM-1400 Flash_22582.jpg,28_07_26_U87WT_Immunogold_Ida/500nm_gruppoB/SA-MAG_X15k_JEM-1400 Flash_22582.jpg,28_07_26_U87WT_Immunogold_Ida,500nm_gruppoB,1.125,classe_5
SA-MAG_X15k_JEM-1400 Flash_22585.jpg,28_07_26_U87WT_Immunogold_Ida/500nm_gruppoB/SA-MAG_X15k_JEM-1400 Flash_22585.jpg,28_07_26_U87WT_Immunogold_Ida,500nm_gruppoB,1.125,classe_5
SA-MAG_X15k_JEM-1400 Flash_22594.jpg,28_07_26_U87WT_Immunogold_Ida/500nm_gruppoB/SA-MAG_X15k_JEM-1400 Flash_22594.jpg,28_07_26_U87WT_Immunogold_Ida,500nm_gruppoB,1.125,classe_5
SA-MAG_X15k_JEM-1400 Flash_22595.jpg,28_07_26_U87WT_Immunogold_Ida/500nm_gruppoB/SA-MAG_X15k_JEM-1400 Flash_22595.jpg,28_07_26_U87WT_Immunogold_Ida,500nm_gruppoB,1.125,classe_5
SA-MAG_X15k_JEM-1400 Flash_22596.jpg,28_07_26_U87WT_Immunogold_Ida/500nm_gruppoB/SA-MAG_X15k_JEM-1400 Flash_22596.jpg,28_07_26_U87WT_Immunogold_Ida,500nm_gruppoB,1.125,classe_5
SA-MAG_X15k_JEM-1400 Flash_22597.jpg,28_07_26_U87WT_Immunogold_Ida/500nm_gruppoB/SA-MAG_X15k_JEM-1400 Flash_22597.jpg,28_07_26_U87WT_Immunogold_Ida,500nm_gruppoB,1.125,classe_5
SA-MAG_X15k_JEM-1400 Flash_22598.jpg,28_07_26_U87WT_Immunogold_Ida/500nm_gruppoB/SA-MAG_X15k_JEM-1400 Flash_22598.jpg,28_07_26_U87WT_Immunogold_Ida,500nm_gruppoB,1.125,classe_5
SA-MAG_X15k_JEM-1400 Flash_22599.jpg,28_07_26_U87WT_Immunogold_Ida/500nm_gruppoB/SA-MAG_X15k_JEM-1400 Flash_22599.jpg,28_07_26_U87WT_Immunogold_Ida,500nm_gruppoB,1.125,classe_5
SA-MAG_X15k_JEM-1400 Flash_22601.jpg,28_07_26_U87WT_Immunogold_Ida/500nm_gruppoB/SA-MAG_X15k_JEM-1400 Flash_22601.jpg,28_07_26_U87WT_Immunogold_Ida,500nm_gruppoB,1.125,classe_5
SA-MAG_X15k_JEM-1400 Flash_22602.jpg,28_07_26_U87WT_Immunogold_Ida/500nm_gruppoB/SA-MAG_X15k_JEM-1400 Flash_22602.jpg,28_07_26_U87WT_Immunogold_Ida,500nm_gruppoB,1.125,classe_5
SA-MAG_X15k_JEM-1400 Flash_22604.jpg,28_07_26_U87WT_Immunogold_Ida/500nm_gruppoB/SA-MAG_X15k_JEM-1400 Flash_22604.jpg,28_07_26_U87WT_Immunogold_Ida,500nm_gruppoB,1.125,classe_5
SA-MAG_X15k_JEM-1400 Flash_22605.jpg,28_07_26_U87WT_Immunogold_Ida/500nm_gruppoB/SA-MAG_X15k_JEM-1400 Flash_22605.jpg,28_07_26_U87WT_Immunogold_Ida,500nm_gruppoB,1.125,classe_5
SA-MAG_X15k_JEM-1400 Flash_22608.jpg,28_07_26_U87WT_Immunogold_Ida/500nm_gruppoB/SA-MAG_X15k_JEM-1400 Flash_22608.jpg,28_07_26_U87WT_Immunogold_Ida,500nm_gruppoB,1.125,classe_5
SA-MAG_X15k_JEM-1400 Flash_22609.jpg,28_07_26_U87WT_Immunogold_Ida/500nm_gruppoB/SA-MAG_X15k_JEM-1400 Flash_22609.jpg,28_07_26_U87WT_Immunogold_Ida,500nm_gruppoB,1.125,classe_5
SA-MAG_X15k_JEM-1400 Flash_22610.jpg,28_07_26_U87WT_Immunogold_Ida/500nm_gruppoB/SA-MAG_X15k_JEM-1400 Flash_22610.jpg,28_07_26_U87WT_Immunogold_Ida,500nm_gruppoB,1.125,classe_5
