n°,classe_num,data_esperimento,image_number,diametro_pixel,classe_calibrazione,nm_per_pixel,diametro_nm,raggio_nm
1,1.0,28.07,22579.0,36.0,classe_1,0.45,16.2,8.1
2,1.0,28.07,22579.0,26.0,classe_1,0.45,11.700000000000001,5.8500000000000005
3,1.0,28.07,22579.0,26.0,classe_1,0.45,11.700000000000001,5.8500000000000005
4,1.0,28.07,22571.0,13.0,classe_1,0.45,5.8500000000000005,2.9250000000000003
5,1.0,28.07,22571.0,18.3,classe_1,0.45,8.235000000000001,4.117500000000001
6,1.0,28.07,22571.0,19.5,classe_1,0.45,8.775,4.3875
7,1.0,28.07,22561.0,19.0,classe_1,0.45,8.55,4.275
8,1.0,28.07,22561.0,19.3,classe_1,0.45,8.685,4.3425
9,1.0,28.07,22561.0,21.3,classe_1,0.45,9.585,4.7925
10,2.0,6.08,22641.0,23.5,classe_2,0.56,13.160000000000002,6.580000000000001
11,2.0,6.08,22641.0,21.5,classe_2,0.56,12.040000000000001,6.0200000000000005
12,2.0,6.08,22641.0,18.0,classe_2,0.56,10.080000000000002,5.040000000000001
13,2.0,9.07,22426.0,15.3,classe_2,0.56,8.568000000000001,4.284000000000001
14,2.0,9.07,22426.0,12.2,classe_2,0.56,6.832,3.416
15,2.0,9.07,22426.0,15.0,classe_2,0.56,8.4,4.2
16,2.0,9.07,22425.0,14.7,classe_2,0.56,8.232000000000001,4.1160000000000005
17,2.0,9.07,22425.0,17.7,classe_2,0.56,9.912,4.956
18,2.0,9.07,22425.0,20.0,classe_2,0.56,11.200000000000001,5.6000000000000005
19,3.0,9.07,22444.0,13.4,classe_3,0.67,8.978000000000002,4.489000000000001
20,3.0,9.07,22444.0,14.9,classe_3,0.67,9.983,4.9915
21,3.0,9.07,22444.0,17.5,classe_3,0.67,11.725000000000001,5.862500000000001
22,3.0,6.08,22639.0,17.8,classe_3,0.67,11.926000000000002,5.963000000000001
23,3.0,6.08,22639.0,12.8,classe_3,0.67,8.576,4.288
24,3.0,6.08,22639.0,14.0,classe_3,0.67,9.38,4.69
25,3.0,28.07,22589.0,20.0,classe_3,0.67,13.4,6.7
26,3.0,28.07,22589.0,22.0,classe_3,0.67,14.74,7.37
27,3.0,28.07,22589.0,29.5,classe_3,0.67,19.765,9.8825
28,4.0,9.07,22446.0,14.7,classe_4,0.845,12.421499999999998,6.210749999999999
29,4.0,9.07,22446.0,18.6,classe_4,0.845,15.717,7.8585
30,4.0,9.07,22446.0,11.5,classe_4,0.845,9.7175,4.85875
31,4.0,6.08,22621.0,13.0,classe_4,0.845,10.985,5.4925
32,4.0,6.08,22621.0,9.2,classe_4,0.845,7.773999999999999,3.8869999999999996
33,4.0,6.08,22621.0,8.3,classe_4,0.845,7.0135000000000005,3.5067500000000003
34,4.0,28.07,22583.0,17.3,classe_4,0.845,14.618500000000001,7.3092500000000005
35,4.0,28.07,22583.0,19.0,classe_4,0.845,16.055,8.0275
36,4.0,28.07,22583.0,19.8,classe_4,0.845,16.731,8.3655
37,5.0,10.07,22471.0,12.5,classe_5,1.125,14.0625,7.03125
38,5.0,10.07,22471.0,20.0,classe_5,1.125,22.5,11.25
39,5.0,10.07,22471.0,24.0,classe_5,1.125,27.0,13.5
40,5.0,10.07,22472.0,16.0,classe_5,1.125,18.0,9.0
41,5.0,10.07,22472.0,18.5,classe_5,1.125,20.8125,10.40625
42,5.0,10.07,22472.0,20.5,classe_5,1.125,23.0625,11.53125
43,5.0,6.08,22613.0,13.8,classe_5,1.125,15.525,7.7625
44,5.0,6.08,22613.0,9.6,classe_5,1.125,10.799999999999999,5.3999999999999995
45,5.0,6.08,22613.0,12.7,classe_5,1.125,14.2875,7.14375
46,6.0,10.07,22471.0,10.3,classe_6,1.4049999999999998,14.471499999999999,7.2357499999999995
47,6.0,10.07,22471.0,11.9,classe_6,1.4049999999999998,16.719499999999996,8.359749999999998
48,6.0,10.07,22471.0,12.5,classe_6,1.4049999999999998,17.562499999999996,8.781249999999998
49,6.0,10.07,22484.0,15.5,classe_6,1.4049999999999998,21.777499999999996,10.888749999999998
50,6.0,10.07,22484.0,13.9,classe_6,1.4049999999999998,19.5295,9.76475
51,6.0,10.07,22484.0,14.8,classe_6,1.4049999999999998,20.793999999999997,10.396999999999998
52,6.0,28.07,22593.0,12.8,classe_6,1.4049999999999998,17.983999999999998,8.991999999999999
53,6.0,28.07,22593.0,11.4,classe_6,1.4049999999999998,16.017,8.0085
54,6.0,28.07,22593.0,13.0,classe_6,1.4049999999999998,18.264999999999997,9.132499999999999
55,7.0,10.07,22475.0,14.5,classe_7,1.6799999999999995,24.359999999999992,12.179999999999996
56,7.0,10.07,22475.0,18.5,classe_7,1.6799999999999995,31.07999999999999,15.539999999999996
57,7.0,10.07,22475.0,10.7,classe_7,1.6799999999999995,17.975999999999992,8.987999999999996
58,7.0,9.07,22440.0,6.5,classe_7,1.6799999999999995,10.919999999999996,5.459999999999998
59,7.0,9.07,22440.0,7.8,classe_7,1.6799999999999995,13.103999999999996,6.551999999999998
60,7.0,9.07,22440.0,9.0,classe_7,1.6799999999999995,15.119999999999996,7.559999999999998
61,7.0,10.07,22481.0,13.5,classe_7,1.6799999999999995,22.679999999999993,11.339999999999996
62,7.0,10.07,22481.0,14.8,classe_7,1.6799999999999995,24.863999999999994,12.431999999999997
63,7.0,10.07,22481.0,15.6,classe_7,1.6799999999999995,26.20799999999999,13.103999999999996
64,8.0,6.08,22612.0,6.0,classe_8,2.11,12.66,6.33
65,8.0,6.08,22612.0,9.7,classe_8,2.11,20.467,10.2335
66,8.0,6.08,22612.0,8.3,classe_8,2.11,17.513,8.7565
67,8.0,9.07,22445.0,6.4,classe_8,2.11,13.504,6.752
68,8.0,9.07,22445.0,9.6,classe_8,2.11,20.255999999999997,10.127999999999998
69,8.0,9.07,22445.0,8.6,classe_8,2.11,18.145999999999997,9.072999999999999
70,9.0,9.07,22424.0,5.5,classe_9,2.82,15.51,7.755
71,9.0,9.07,22424.0,5.1,classe_9,2.82,14.381999999999998,7.190999999999999
72,9.0,9.07,22424.0,5.3,classe_9,2.82,14.945999999999998,7.472999999999999
73,9.0,10.07,22467.0,8.5,classe_9,2.82,23.97,11.985
74,9.0,10.07,22467.0,8.6,classe_9,2.82,24.252,12.126
75,9.0,10.07,22467.0,7.0,classe_9,2.82,19.74,9.87
76,10.0,9.07,22441.0,7.2,classe_10,5.63,40.536,20.268
77,10.0,9.07,22441.0,13.0,classe_10,5.63,73.19,36.595
78,10.0,9.07,22441.0,6.3,classe_10,5.63,35.469,17.7345
79,10.0,9.07,22442.0,12.0,classe_10,5.63,67.56,33.78
80,10.0,9.07,22442.0,9.2,classe_10,5.63,51.79599999999999,25.897999999999996
81,10.0,9.07,22442.0,12.5,classe_10,5.63,70.375,35.1875
