classe_calibrazione,nm_per_pixel,raggio_medio_nm,cv_percento,sigma_px
classe_1,0.45,4.96,29.8,11.022222222222222
classe_10,5.63,28.24,28.7,5.015985790408526
classe_2,0.56,4.91,20.7,8.767857142857142
classe_3,0.67,6.03,29.5,9.0
classe_4,0.845,6.17,29.7,7.3017751479289945
classe_5,1.125,9.23,28.5,8.204444444444444
classe_6,1.4049999999999998,9.06,12.7,6.4483985765124565
classe_7,1.6799999999999995,10.35,32.6,6.160714285714287
classe_8,2.11,8.55,19.4,4.052132701421802
classe_9,2.82,9.4,24.1,3.3333333333333335
